-- MySQL dump 10.13  Distrib 5.1.63, for debian-linux-gnu (i486)
--
-- Host: localhost    Database: siguelatabla
-- ------------------------------------------------------
-- Server version	5.1.63-0ubuntu0.10.04.1

/*!40101 SET @OLD_CHARACTER_SET_CLIENT=@@CHARACTER_SET_CLIENT */;
/*!40101 SET @OLD_CHARACTER_SET_RESULTS=@@CHARACTER_SET_RESULTS */;
/*!40101 SET @OLD_COLLATION_CONNECTION=@@COLLATION_CONNECTION */;
/*!40101 SET NAMES utf8 */;
/*!40103 SET @OLD_TIME_ZONE=@@TIME_ZONE */;
/*!40103 SET TIME_ZONE='+00:00' */;
/*!40014 SET @OLD_UNIQUE_CHECKS=@@UNIQUE_CHECKS, UNIQUE_CHECKS=0 */;
/*!40014 SET @OLD_FOREIGN_KEY_CHECKS=@@FOREIGN_KEY_CHECKS, FOREIGN_KEY_CHECKS=0 */;
/*!40101 SET @OLD_SQL_MODE=@@SQL_MODE, SQL_MODE='NO_AUTO_VALUE_ON_ZERO' */;
/*!40111 SET @OLD_SQL_NOTES=@@SQL_NOTES, SQL_NOTES=0 */;

--
-- Table structure for table `Comentario`
--

DROP TABLE IF EXISTS `Comentario`;
/*!40101 SET @saved_cs_client     = @@character_set_client */;
/*!40101 SET character_set_client = utf8 */;
CREATE TABLE `Comentario` (
  `id` bigint(20) NOT NULL AUTO_INCREMENT,
  `comentario` longtext,
  `email` varchar(255) DEFAULT NULL,
  `nombre` varchar(255) DEFAULT NULL,
  PRIMARY KEY (`id`)
) ENGINE=MyISAM AUTO_INCREMENT=2 DEFAULT CHARSET=latin1;
/*!40101 SET character_set_client = @saved_cs_client */;

--
-- Dumping data for table `Comentario`
--

LOCK TABLES `Comentario` WRITE;
/*!40000 ALTER TABLE `Comentario` DISABLE KEYS */;
INSERT INTO `Comentario` VALUES (1,'prueba','','anrex');
/*!40000 ALTER TABLE `Comentario` ENABLE KEYS */;
UNLOCK TABLES;

--
-- Table structure for table `Equipo`
--

DROP TABLE IF EXISTS `Equipo`;
/*!40101 SET @saved_cs_client     = @@character_set_client */;
/*!40101 SET character_set_client = utf8 */;
CREATE TABLE `Equipo` (
  `id` bigint(20) NOT NULL AUTO_INCREMENT,
  `nombre` varchar(255) DEFAULT NULL,
  `pais` varchar(255) DEFAULT NULL,
  `jugadosDescenso` int(11) NOT NULL,
  `puntosDescenso` int(11) NOT NULL,
  `denominacion` varchar(255) DEFAULT NULL,
  PRIMARY KEY (`id`)
) ENGINE=InnoDB AUTO_INCREMENT=160 DEFAULT CHARSET=utf8;
/*!40101 SET character_set_client = @saved_cs_client */;

--
-- Dumping data for table `Equipo`
--

LOCK TABLES `Equipo` WRITE;
/*!40000 ALTER TABLE `Equipo` DISABLE KEYS */;
INSERT INTO `Equipo` VALUES (1,'River Plate','AR',0,0,'River Plate'),(2,'Boca Juniors','AR',76,129,'Boca Juniors'),(3,'Racing Club','AR',76,102,'Racing Club'),(4,'Independiente','AR',76,90,'Independiente'),(5,'Vélez Sarsfield','AR',76,146,'Vélez Sarsfield'),(6,'Argentinos Jrs','AR',76,103,'Argentinos Juniors'),(7,'At. Rafaela','AR',38,50,'Atlético de Rafaela'),(8,'Arsenal','AR',76,119,'Arsenal'),(9,'Unión','AR',38,50,'Unión'),(10,'Godoy Cruz','AR',76,101,'Godoy Cruz'),(11,'All Boys','AR',76,105,'All Boys'),(12,'Tigre','AR',76,113,'Tigre'),(13,'Estudiantes LP','AR',76,119,'Estudiantes LP'),(14,'Quilmes','AR',0,0,'Quilmes'),(15,'Belgrano','AR',38,55,'Belgrano'),(16,'San Martín SJ','AR',38,48,'San Martín (SJ)'),(17,'Colón','AR',76,107,'Colón'),(18,'Lanús','AR',76,118,'Lanús'),(19,'Newell’s','AR',76,90,'Newell’s'),(20,'San Lorenzo','AR',76,91,'San Lorenzo'),(21,'Instituto','AR',76,121,'Instituto'),(22,'Rosario Central','AR',76,119,'Rosario Central'),(23,'Gimnasia y Esgrima LP','AR',38,54,'Gimnasia y Esgrima LP'),(24,'Aldosivi','AR',76,105,'Aldosivi'),(25,'Gimnasia y Esgrima de Jujuy','AR',76,88,'Gimnasia y Esgrima de Jujuy'),(26,'Defensa y Justicia','AR',76,97,'Defensa y Justicia'),(27,'Ferro Carril Oeste','AR',76,103,'Ferro Carril Oeste'),(28,'Crucero Del Norte','AR',0,0,'Crucero Del Norte'),(29,'Douglas Haig','AR',0,0,'Douglas Haig'),(30,'Alte. Brown','AR',76,107,'Alte. Brown'),(31,'Deportivo Merlo','AR',76,94,'Deportivo Merlo'),(32,'Sarmiento','AR',0,0,'Sarmiento'),(33,'Boca Unidos','AR',76,109,'Boca Unidos'),(34,'Huracan','AR',38,46,'Huracan'),(35,'Banfield','AR',0,0,'Banfield'),(36,'Nueva Chicago','AR',0,0,'Nueva Chicago'),(37,'Olimpo','AR',0,0,'Olimpo'),(38,'At. Tucuman','AR',76,93,'At. Tucuman'),(39,'Patronato','AR',76,106,'Patronato'),(40,'Independiente Rivadavia','AR',76,85,'Independiente Rivadavia'),(41,'Liniers','AR',76,102,'Liniers'),(42,'Gral. Lamadrid','AR',38,75,'Lamadrid'),(43,'Laferrere','AR',76,122,'Laferrere'),(44,'Fenix','AR',0,0,'Fenix'),(45,'UAI Urquiza','AR',76,127,'UAI Urquiza'),(46,'Talleres (RE)','AR',76,119,'Talleres (Remedios de Escalada)'),(47,'Soc. Español','AR',38,43,'Español'),(48,'Defensores Unidos','AR',76,88,'Defensores Unidos'),(49,'Argentino de Merlo','AR',76,115,'Argentino de Merlo'),(50,'Cambaceres','AR',76,98,'Cambaceres'),(51,'Berazategui','AR',76,107,'Berazategui'),(52,'Midland','AR',76,88,'Midland'),(53,'Dock Sud','AR',38,54,'Dock Sud'),(54,'Sacachispas','AR',76,72,'Sacachispas'),(55,'El Porvenir','AR',76,79,'El Porvenir'),(56,'J.J. de Urquiza','AR',76,109,'J.J. de Urquiza'),(57,'Luján','AR',76,92,'Luján'),(58,'Sportivo Italiano','AR',0,0,'Sportivo Italiano'),(59,'Excursionistas','AR',76,105,'Excursionistas'),(60,'San Miguel','AR',76,84,'San Miguel'),(61,'Yupanqui','AR',68,75,'Yupanqui'),(62,'Puerto Nuevo','AR',0,0,'Puerto Nuevo'),(63,'Atlas','AR',68,130,'Atlas'),(64,'San Martin (Burzaco)','AR',68,114,'San Martin de Burzaco'),(65,'Argentino De Quilmes','AR',68,121,'Argentino De Quilmes'),(66,'Centro Español','AR',68,114,'Centro Español'),(67,'Muñiz','AR',34,34,'Muñiz'),(68,'Juventud Unida','AR',68,90,'Juventud Unida'),(69,'Cañuelas','AR',68,88,'Cañuelas'),(70,'Ituzaingo','AR',68,85,'Ituzaingo'),(71,'Central Ballester','AR',68,69,'Central Ballester'),(72,'Lugano','AR',68,82,'Lugano'),(73,'Deportivo Riestra','AR',68,114,'Deportivo Riestra'),(74,'Victoriano Arenas','AR',68,77,'Victoriano Arenas'),(75,'Claypole','AR',68,85,'Claypole'),(76,'Alem','AR',0,0,'Alem'),(77,'Argentino de Rosario','AR',68,81,'Argentino de Rosario'),(78,'Deportivo Paraguayo','AR',68,72,'Deportivo Paraguayo'),(79,'Acasusso','AR',82,111,'Acasusso'),(80,'Deportivo Morón','AR',82,96,'Deportivo Morón'),(81,'Los Andes','AR',82,95,'Los Andes'),(82,'Tristán Suárez','AR',82,91,'Tristán Suárez'),(83,'San Telmo','AR',82,89,'San Telmo'),(84,'Comunicaciones','AR',82,120,'Comunicaciones'),(85,'Estudiantes','AR',82,145,'Estudiantes'),(86,'Platense','AR',82,114,'Platense'),(87,'Villa Dálmine','AR',0,0,'Villa Dálmine'),(88,'Atlanta','AR',42,86,'Atlanta'),(89,'Defensores de Belgrano','AR',82,112,'Defensores de Belgrano'),(90,'Central Córdoba','AR',0,0,'Central Córdoba'),(91,'Chacarita Juniors','AR',0,0,'Chacarita Juniors'),(92,'Almagro','AR',82,112,'Almagro'),(93,'Barracas Central','AR',82,104,'Barracas Central'),(94,'Villa San Carlos','AR',82,114,'Villa San Carlos'),(95,'Brown (Adrogué)','AR',82,139,'Brown (Adrogué)'),(96,'Temperley','AR',82,90,'Temperley'),(97,'Flandria','AR',82,104,'Flandria'),(98,'Deportivo Armenio','AR',82,115,'Deportivo Armenio'),(99,'Colegiales','AR',82,126,'Colegiales'),(100,'Athletic','ES',0,0,'ATHLETIC CLUB'),(101,'Real Betis','ES',0,0,'REAL BETIS BALOMPIE, SAD'),(102,'Levante','ES',0,0,'LEVANTE U.D., SAD'),(103,'Atletico de Madrid','ES',0,0,'CLUB ATLETICO DE MADRID, SAD'),(104,'Real Zaragoza','ES',0,0,'REAL ZARAGOZA, SAD'),(105,'Real Valladolid','ES',0,0,'REAL VALLADOLID C.F., SAD'),(106,'Mallorca','ES',0,0,'R.C.D. MALLORCA, SAD'),(107,'Espanyol de Barcelona','ES',0,0,'R.C.D. ESPANYOL DE BARCELONA, SAD'),(108,'Celta de Vigo','ES',0,0,'R.C. CELTA DE VIGO, SAD'),(109,'Malaga','ES',0,0,'MALAGA C.F., SAD'),(110,'Barcelona','ES',0,0,'F.C. BARCELONA'),(111,'Real Sociedad','ES',0,0,'REAL SOCIEDAD DE FUTBOL, SAD'),(112,'Deportivo de la Coruña','ES',0,0,'R.C. DEPORTIVO DE LA CORUÑA, SAD'),(113,'Atlético Osasuna','ES',0,0,'C. ATº. OSASUNA'),(114,'Real Madrid','ES',0,0,'REAL MADRID C.F.'),(115,'Valencia','ES',0,0,'VALENCIA C.F., SAD'),(116,'Sevilla','ES',0,0,'SEVILLA F.C., SAD'),(117,'Getafe','ES',0,0,'GETAFE C.F., SAD'),(118,'Rayo Vallecano','ES',0,0,'RAYO VALLECANO DE MADRID, SAD'),(119,'Granada','ES',0,0,'GRANADA C.F.'),(120,'Barcelona B','ES',0,0,'F.C. BARCELONA B'),(121,'Almeria','ES',0,0,'U.D. ALMERIA, SAD'),(122,'Villarreal','ES',0,0,'VILLARREAL C.F., SAD'),(123,'Real Madrid Castilla','ES',0,0,'REAL MADRID-CASTILLA'),(124,'Girona','ES',0,0,'GIRONA F.C., SAD'),(125,'Sabadell','ES',0,0,'C.E. SABADELL F.C., SAD.'),(126,'Alcorcon','ES',0,0,'A.D. ALCORCON'),(127,'Guadalajara','ES',0,0,'C.D. GUADALAJARA'),(128,'Elche','ES',0,0,'ELCHE C.F., SAD'),(129,'Ponferradina','ES',0,0,'S.D. PONFERRADINA'),(130,'Lugo','ES',0,0,'C.D. LUGO'),(131,'Hercules','ES',0,0,'HERCULES C.F., SAD'),(132,'Real Racing Club','ES',0,0,'REAL RACING CLUB, SAD'),(133,'Las Palmas','ES',0,0,'U.D. LAS PALMAS, SAD'),(134,'Real Murcia','ES',0,0,'REAL MURCIA C.F. SAD'),(135,'Córdoba','ES',0,0,'CORDOBA C.F., SAD'),(136,'Numancia de Soria','ES',0,0,'C.D. NUMANCIA DE SORIA, SAD'),(137,'Real Sporting de Gijón','ES',0,0,'REAL SPORTING DE GIJON, SAD'),(138,'Mirandes','ES',0,0,'C.D. MIRANDES'),(139,'Huesca','ES',0,0,'S.D. HUESCA, SAD'),(140,'Xerez','ES',0,0,'XEREZ C.D., S.A.D.'),(141,'Recreativo Huelva','ES',0,0,'R.C.RVO. DE HUELVA, SAD'),(142,'Antofagasta','CL',17,17,'ANTOFAGASTA'),(143,'Audax Italiano','CL',85,135,'AUDAX ITALIANO'),(144,'Cobreloa','CL',85,111,'COBRELOA'),(145,'Cobresal','CL',85,94,'COBRESAL'),(146,'Colo Colo','CL',85,151,'COLO COLO'),(147,'Deportes Iquique','CL',51,76,'DEPORTES IQUIQUE'),(148,'Deportes La Serena','CL',85,113,'DEPORTES LA SERENA'),(149,'Huachipato','CL',85,110,'HUACHIPATO'),(150,'O\'Higgins','CL',85,120,'O\'HIGGINS'),(151,'Palestino','CL',85,109,'PALESTINO'),(152,'Rangers','CL',17,18,'RANGERS'),(153,'Wanderers','CL',85,104,'S. WANDERERS'),(154,'U. Católica','CL',85,170,'U. CATÓLICA'),(155,'U. de Chile','CL',85,178,'U. DE CHILE'),(156,'U. de Concepción','CL',85,98,'U. DE CONCEPCIÓN'),(157,'Unión Española','CL',85,134,'UNIÓN ESPAÑOLA'),(158,'Unión la Calera','CL',51,73,'UNIÓN LA CALERA'),(159,'Unión San Felipe','CL',85,93,'UNIÓN SAN FELIPE');
/*!40000 ALTER TABLE `Equipo` ENABLE KEYS */;
UNLOCK TABLES;

--
-- Table structure for table `Equipo_Torneo`
--

DROP TABLE IF EXISTS `Equipo_Torneo`;
/*!40101 SET @saved_cs_client     = @@character_set_client */;
/*!40101 SET character_set_client = utf8 */;
CREATE TABLE `Equipo_Torneo` (
  `equipos_id` bigint(20) NOT NULL,
  `torneos_id` bigint(20) NOT NULL,
  KEY `FKD0B9AE166FF85CD` (`torneos_id`),
  KEY `FKD0B9AE167A93989` (`equipos_id`),
  CONSTRAINT `FKD0B9AE166FF85CD` FOREIGN KEY (`torneos_id`) REFERENCES `Torneo` (`id`),
  CONSTRAINT `FKD0B9AE167A93989` FOREIGN KEY (`equipos_id`) REFERENCES `Equipo` (`id`)
) ENGINE=InnoDB DEFAULT CHARSET=utf8;
/*!40101 SET character_set_client = @saved_cs_client */;

--
-- Dumping data for table `Equipo_Torneo`
--

LOCK TABLES `Equipo_Torneo` WRITE;
/*!40000 ALTER TABLE `Equipo_Torneo` DISABLE KEYS */;
INSERT INTO `Equipo_Torneo` VALUES (1,1),(1,2),(2,1),(2,2),(3,1),(3,2),(4,1),(4,2),(5,1),(5,2),(6,1),(6,2),(7,1),(7,2),(8,1),(8,2),(9,1),(9,2),(10,1),(10,2),(11,1),(11,2),(12,1),(12,2),(13,1),(13,2),(14,1),(14,2),(15,1),(15,2),(16,1),(16,2),(17,1),(17,2),(18,1),(18,2),(19,1),(19,2),(20,1),(20,2),(21,3),(22,3),(23,3),(24,3),(25,3),(26,3),(27,3),(28,3),(29,3),(30,3),(31,3),(32,3),(33,3),(34,3),(35,3),(36,3),(37,3),(38,3),(39,3),(40,3),(41,4),(42,4),(43,4),(44,4),(45,4),(46,4),(47,4),(48,4),(49,4),(50,4),(51,4),(52,4),(53,4),(54,4),(55,4),(56,4),(57,4),(58,4),(59,4),(60,4),(61,5),(62,5),(63,5),(64,5),(65,5),(66,5),(67,5),(68,5),(69,5),(70,5),(71,5),(72,5),(73,5),(74,5),(75,5),(76,5),(77,5),(78,5),(79,6),(80,6),(81,6),(82,6),(83,6),(84,6),(85,6),(86,6),(87,6),(88,6),(89,6),(90,6),(91,6),(92,6),(93,6),(94,6),(95,6),(96,6),(97,6),(98,6),(99,6),(100,7),(101,7),(102,7),(103,7),(104,7),(105,7),(106,7),(107,7),(108,7),(109,7),(110,7),(111,7),(112,7),(113,7),(114,7),(115,7),(116,7),(117,7),(118,7),(119,7),(120,8),(121,8),(122,8),(123,8),(124,8),(125,8),(126,8),(127,8),(128,8),(129,8),(130,8),(131,8),(132,8),(133,8),(134,8),(135,8),(136,8),(137,8),(138,8),(139,8),(140,8),(141,8),(142,9),(143,9),(144,9),(145,9),(146,9),(147,9),(148,9),(149,9),(150,9),(151,9),(152,9),(153,9),(154,9),(155,9),(156,9),(157,9),(158,9),(159,9);
/*!40000 ALTER TABLE `Equipo_Torneo` ENABLE KEYS */;
UNLOCK TABLES;

--
-- Table structure for table `Estadio`
--

DROP TABLE IF EXISTS `Estadio`;
/*!40101 SET @saved_cs_client     = @@character_set_client */;
/*!40101 SET character_set_client = utf8 */;
CREATE TABLE `Estadio` (
  `id` bigint(20) NOT NULL AUTO_INCREMENT,
  `nombre` varchar(255) DEFAULT NULL,
  `pais` varchar(255) DEFAULT NULL,
  `equipo_id` bigint(20) DEFAULT NULL,
  PRIMARY KEY (`id`),
  KEY `FKCDB8AEFE2DAD17E` (`equipo_id`),
  CONSTRAINT `FKCDB8AEFE2DAD17E` FOREIGN KEY (`equipo_id`) REFERENCES `Equipo` (`id`)
) ENGINE=InnoDB AUTO_INCREMENT=2 DEFAULT CHARSET=utf8;
/*!40101 SET character_set_client = @saved_cs_client */;

--
-- Dumping data for table `Estadio`
--

LOCK TABLES `Estadio` WRITE;
/*!40000 ALTER TABLE `Estadio` DISABLE KEYS */;
INSERT INTO `Estadio` VALUES (1,'Pirulo','AR',NULL);
/*!40000 ALTER TABLE `Estadio` ENABLE KEYS */;
UNLOCK TABLES;

--
-- Table structure for table `Liga`
--

DROP TABLE IF EXISTS `Liga`;
/*!40101 SET @saved_cs_client     = @@character_set_client */;
/*!40101 SET character_set_client = utf8 */;
CREATE TABLE `Liga` (
  `id` bigint(20) NOT NULL AUTO_INCREMENT,
  `nombre` varchar(255) DEFAULT NULL,
  `pais` varchar(255) DEFAULT NULL,
  PRIMARY KEY (`id`)
) ENGINE=InnoDB AUTO_INCREMENT=17 DEFAULT CHARSET=utf8;
/*!40101 SET character_set_client = @saved_cs_client */;

--
-- Dumping data for table `Liga`
--

LOCK TABLES `Liga` WRITE;
/*!40000 ALTER TABLE `Liga` DISABLE KEYS */;
INSERT INTO `Liga` VALUES (1,'Primera','AR'),(2,'Primera B Nacional','AR'),(3,'Primera B','AR'),(4,'Primera C','AR'),(5,'Primera D','AR'),(9,'Primera División','ES'),(10,'Segunda División','ES'),(11,'Primera División','CL'),(12,'Primera División','BO'),(13,'Serie A','BR'),(14,'Serie B','BR');
/*!40000 ALTER TABLE `Liga` ENABLE KEYS */;
UNLOCK TABLES;

--
-- Table structure for table `Partido`
--

DROP TABLE IF EXISTS `Partido`;
/*!40101 SET @saved_cs_client     = @@character_set_client */;
/*!40101 SET character_set_client = utf8 */;
CREATE TABLE `Partido` (
  `id` bigint(20) NOT NULL AUTO_INCREMENT,
  `confirmado` bit(1) NOT NULL,
  `fecha` int(11) NOT NULL,
  `golesLocal` int(11) DEFAULT '0',
  `golesVisitante` int(11) DEFAULT '0',
  `cuando` datetime NOT NULL,
  `local_id` bigint(20) NOT NULL,
  `torneo_id` bigint(20) NOT NULL,
  `visitante_id` bigint(20) NOT NULL,
  PRIMARY KEY (`id`),
  KEY `FK33F561C1ACFCDC54` (`visitante_id`),
  KEY `FK33F561C145D0B63E` (`torneo_id`),
  KEY `FK33F561C113FDF0D2` (`local_id`),
  CONSTRAINT `FK33F561C113FDF0D2` FOREIGN KEY (`local_id`) REFERENCES `Equipo` (`id`),
  CONSTRAINT `FK33F561C145D0B63E` FOREIGN KEY (`torneo_id`) REFERENCES `Torneo` (`id`),
  CONSTRAINT `FK33F561C1ACFCDC54` FOREIGN KEY (`visitante_id`) REFERENCES `Equipo` (`id`)
) ENGINE=InnoDB AUTO_INCREMENT=3051 DEFAULT CHARSET=utf8;
/*!40101 SET character_set_client = @saved_cs_client */;

--
-- Dumping data for table `Partido`
--

LOCK TABLES `Partido` WRITE;
/*!40000 ALTER TABLE `Partido` DISABLE KEYS */;
INSERT INTO `Partido` VALUES (1,'',1,3,0,'2012-08-03 09:10:00',5,1,6),(2,'',1,1,1,'2012-08-04 08:20:00',3,1,7),(3,'',1,1,0,'2012-08-03 07:00:00',8,1,9),(4,'',1,1,1,'2012-08-05 03:10:00',10,1,11),(5,'',1,1,2,'2012-08-06 08:10:00',12,1,13),(6,'',1,3,0,'2012-08-04 02:10:00',14,1,2),(7,'',1,1,2,'2012-08-05 07:15:00',1,1,15),(8,'',1,2,1,'2012-08-05 05:10:00',20,1,16),(9,'',1,1,0,'2012-08-04 04:10:00',17,1,18),(10,'',1,0,0,'2012-08-04 06:15:00',19,1,4),(11,'',2,0,2,'2012-08-12 02:50:00',6,1,3),(12,'',2,0,0,'2012-08-11 08:20:00',4,1,5),(13,'',2,0,1,'2012-08-10 08:15:00',18,1,19),(14,'',2,0,1,'2012-08-10 06:10:00',16,1,17),(15,'',2,0,0,'2012-08-11 04:10:00',15,1,20),(16,'',2,0,2,'2012-08-11 02:00:00',13,1,1),(17,'',2,2,0,'2012-08-12 08:00:00',2,1,12),(18,'',2,1,1,'2012-08-11 04:10:00',11,1,14),(19,'',2,0,1,'2012-08-12 05:10:00',9,1,10),(20,'',2,0,0,'2012-08-13 07:10:00',7,1,8),(21,'',3,0,2,'2012-08-19 12:00:00',5,1,18),(22,'',3,2,0,'2012-08-18 12:00:00',3,1,4),(23,'',3,2,2,'2012-08-20 12:00:00',8,1,6),(24,'',3,2,0,'2012-08-18 12:00:00',10,1,7),(25,'',3,2,3,'2012-08-19 12:00:00',12,1,1),(26,'',3,2,1,'2012-08-19 12:00:00',14,1,9),(27,'',3,3,1,'2012-08-19 12:00:00',2,1,11),(28,'',3,0,1,'2012-08-19 12:00:00',20,1,13),(29,'',3,2,2,'2012-08-17 12:00:00',17,1,15),(30,'',3,2,0,'2012-08-20 12:00:00',19,1,16),(31,'',4,2,1,'2012-08-25 06:15:00',6,1,10),(32,'',4,0,2,'2012-08-25 08:20:00',4,1,8),(33,'',4,1,1,'2012-08-26 03:00:00',18,1,3),(34,'',4,0,3,'2012-08-26 05:15:00',16,1,5),(35,'',4,0,0,'2012-08-26 05:10:00',15,1,19),(36,'',4,1,2,'2012-08-27 06:10:00',13,1,17),(37,'',4,0,0,'2012-08-26 07:15:00',1,1,20),(38,'',4,2,2,'2012-08-25 04:10:00',11,1,12),(39,'',4,1,2,'2012-08-25 04:10:00',9,1,2),(40,'',4,1,1,'2012-08-26 03:00:00',7,1,14),(41,'',5,2,1,'2012-09-01 12:00:00',5,1,15),(42,'\0',5,0,0,'2012-09-03 12:00:00',3,1,16),(43,'',5,1,0,'2012-09-01 12:00:00',8,1,18),(44,'',5,1,1,'2012-09-02 12:00:00',10,1,4),(45,'',5,1,1,'2012-09-03 12:00:00',12,1,20),(46,'\0',5,0,0,'2012-09-03 12:00:00',14,1,6),(47,'',5,2,1,'2012-09-02 12:00:00',2,1,7),(48,'',5,3,1,'2012-08-31 12:00:00',11,1,9),(49,'',5,1,1,'2012-09-02 12:00:00',17,1,1),(50,'',5,1,0,'2012-09-01 12:00:00',19,1,13),(51,'\0',6,0,0,'2012-09-09 16:10:00',6,1,2),(52,'\0',6,0,0,'2012-09-09 14:00:00',4,1,14),(53,'\0',6,0,0,'2012-09-10 19:15:00',18,1,10),(54,'\0',6,0,0,'2012-09-08 14:00:00',16,1,8),(55,'\0',6,0,0,'2012-09-09 18:15:00',15,1,3),(56,'\0',6,0,0,'2012-09-08 18:15:00',13,1,5),(57,'\0',6,0,0,'2012-09-09 20:15:00',1,1,19),(58,'\0',6,0,0,'2012-09-08 20:20:00',20,1,17),(59,'\0',6,0,0,'2012-09-10 17:10:00',9,1,12),(60,'\0',6,0,0,'2012-09-08 16:10:00',7,1,11),(61,'\0',7,0,0,'2012-09-16 12:00:00',5,1,1),(62,'\0',7,0,0,'2012-09-15 12:00:00',3,1,13),(63,'\0',7,0,0,'2012-09-16 12:00:00',8,1,15),(64,'\0',7,0,0,'2012-09-15 12:00:00',10,1,16),(65,'\0',7,0,0,'2012-09-16 12:00:00',12,1,17),(66,'\0',7,0,0,'2012-09-17 12:00:00',14,1,18),(67,'\0',7,0,0,'2012-09-16 12:00:00',2,1,4),(68,'\0',7,0,0,'2012-09-15 12:00:00',11,1,6),(69,'\0',7,0,0,'2012-09-17 12:00:00',9,1,7),(70,'\0',7,0,0,'2012-09-15 12:00:00',19,1,20),(71,'\0',8,0,0,'2012-09-23 00:00:00',6,1,9),(72,'\0',8,0,0,'2012-09-23 00:00:00',4,1,11),(73,'\0',8,0,0,'2012-09-23 00:00:00',18,1,2),(74,'\0',8,0,0,'2012-09-23 00:00:00',16,1,14),(75,'\0',8,0,0,'2012-09-23 00:00:00',15,1,10),(76,'\0',8,0,0,'2012-09-23 00:00:00',13,1,8),(77,'\0',8,0,0,'2012-09-23 00:00:00',1,1,3),(78,'\0',8,0,0,'2012-09-23 00:00:00',20,1,5),(79,'\0',8,0,0,'2012-09-23 00:00:00',17,1,19),(80,'\0',8,0,0,'2012-09-23 00:00:00',7,1,12),(81,'\0',9,0,0,'2012-09-30 00:00:00',5,1,17),(82,'\0',9,0,0,'2012-09-30 00:00:00',3,1,20),(83,'\0',9,0,0,'2012-09-30 00:00:00',8,1,1),(84,'\0',9,0,0,'2012-09-30 00:00:00',10,1,13),(85,'\0',9,0,0,'2012-09-30 00:00:00',12,1,19),(86,'\0',9,0,0,'2012-09-30 00:00:00',14,1,15),(87,'\0',9,0,0,'2012-09-30 00:00:00',2,1,16),(88,'\0',9,0,0,'2012-09-30 00:00:00',11,1,18),(89,'\0',9,0,0,'2012-09-30 00:00:00',9,1,4),(90,'\0',9,0,0,'2012-09-30 00:00:00',7,1,6),(91,'\0',10,0,0,'2012-10-07 00:00:00',6,1,12),(92,'\0',10,0,0,'2012-10-07 00:00:00',4,1,7),(93,'\0',10,0,0,'2012-10-07 00:00:00',18,1,9),(94,'\0',10,0,0,'2012-10-07 00:00:00',16,1,11),(95,'\0',10,0,0,'2012-10-07 00:00:00',15,1,2),(96,'\0',10,0,0,'2012-10-07 00:00:00',13,1,14),(97,'\0',10,0,0,'2012-10-07 00:00:00',1,1,10),(98,'\0',10,0,0,'2012-10-07 00:00:00',20,1,8),(99,'\0',10,0,0,'2012-10-07 00:00:00',17,1,3),(100,'\0',10,0,0,'2012-10-07 00:00:00',19,1,5),(101,'\0',11,0,0,'2012-10-21 00:00:00',6,1,4),(102,'\0',11,0,0,'2012-10-21 00:00:00',3,1,19),(103,'\0',11,0,0,'2012-10-21 00:00:00',8,1,17),(104,'\0',11,0,0,'2012-10-21 00:00:00',10,1,20),(105,'\0',11,0,0,'2012-10-21 00:00:00',12,1,5),(106,'\0',11,0,0,'2012-10-21 00:00:00',14,1,1),(107,'\0',11,0,0,'2012-10-21 00:00:00',2,1,13),(108,'\0',11,0,0,'2012-10-21 00:00:00',11,1,15),(109,'\0',11,0,0,'2012-10-21 00:00:00',9,1,16),(110,'\0',11,0,0,'2012-10-21 00:00:00',7,1,18),(111,'\0',12,0,0,'2012-10-28 00:00:00',5,1,3),(112,'\0',12,0,0,'2012-10-28 00:00:00',4,1,12),(113,'\0',12,0,0,'2012-10-28 00:00:00',18,1,6),(114,'\0',12,0,0,'2012-10-28 00:00:00',16,1,7),(115,'\0',12,0,0,'2012-10-28 00:00:00',15,1,9),(116,'\0',12,0,0,'2012-10-28 00:00:00',13,1,11),(117,'\0',12,0,0,'2012-10-28 00:00:00',1,1,2),(118,'\0',12,0,0,'2012-10-28 00:00:00',20,1,14),(119,'\0',12,0,0,'2012-10-28 00:00:00',17,1,10),(120,'\0',12,0,0,'2012-10-28 00:00:00',19,1,8),(121,'\0',13,0,0,'2012-11-04 00:00:00',6,1,16),(122,'\0',13,0,0,'2012-11-04 00:00:00',4,1,18),(123,'\0',13,0,0,'2012-11-04 00:00:00',8,1,5),(124,'\0',13,0,0,'2012-11-04 00:00:00',10,1,19),(125,'\0',13,0,0,'2012-11-04 00:00:00',12,1,3),(126,'\0',13,0,0,'2012-11-04 00:00:00',14,1,17),(127,'\0',13,0,0,'2012-11-04 00:00:00',2,1,20),(128,'\0',13,0,0,'2012-11-04 00:00:00',11,1,1),(129,'\0',13,0,0,'2012-11-04 00:00:00',9,1,13),(130,'\0',13,0,0,'2012-11-04 00:00:00',7,1,15),(131,'\0',14,0,0,'2012-11-11 00:00:00',5,1,10),(132,'\0',14,0,0,'2012-11-11 00:00:00',3,1,8),(133,'\0',14,0,0,'2012-11-11 00:00:00',18,1,12),(134,'\0',14,0,0,'2012-11-11 00:00:00',16,1,4),(135,'\0',14,0,0,'2012-11-11 00:00:00',15,1,6),(136,'\0',14,0,0,'2012-11-11 00:00:00',13,1,7),(137,'\0',14,0,0,'2012-11-11 00:00:00',1,1,9),(138,'\0',14,0,0,'2012-11-11 00:00:00',20,1,11),(139,'\0',14,0,0,'2012-11-11 00:00:00',17,1,2),(140,'\0',14,0,0,'2012-11-11 00:00:00',19,1,14),(141,'\0',15,0,0,'2012-11-14 00:00:00',6,1,13),(142,'\0',15,0,0,'2012-11-14 00:00:00',4,1,15),(143,'\0',15,0,0,'2012-11-14 00:00:00',18,1,16),(144,'\0',15,0,0,'2012-11-14 00:00:00',10,1,3),(145,'\0',15,0,0,'2012-11-14 00:00:00',12,1,8),(146,'\0',15,0,0,'2012-11-14 00:00:00',14,1,5),(147,'\0',15,0,0,'2012-11-14 00:00:00',2,1,19),(148,'\0',15,0,0,'2012-11-14 00:00:00',11,1,17),(149,'\0',15,0,0,'2012-11-14 00:00:00',9,1,20),(150,'\0',15,0,0,'2012-11-14 00:00:00',7,1,1),(151,'\0',16,0,0,'2012-11-18 00:00:00',5,1,2),(152,'\0',16,0,0,'2012-11-18 00:00:00',3,1,14),(153,'\0',16,0,0,'2012-11-18 00:00:00',8,1,10),(154,'\0',16,0,0,'2012-11-18 00:00:00',16,1,12),(155,'\0',16,0,0,'2012-11-18 00:00:00',15,1,18),(156,'\0',16,0,0,'2012-11-18 00:00:00',13,1,4),(157,'\0',16,0,0,'2012-11-18 00:00:00',1,1,6),(158,'\0',16,0,0,'2012-11-18 00:00:00',20,1,7),(159,'\0',16,0,0,'2012-11-18 00:00:00',17,1,9),(160,'\0',16,0,0,'2012-11-18 00:00:00',19,1,11),(161,'\0',17,0,0,'2012-11-25 00:00:00',6,1,20),(162,'\0',17,0,0,'2012-11-25 00:00:00',4,1,1),(163,'\0',17,0,0,'2012-11-25 00:00:00',18,1,13),(164,'\0',17,0,0,'2012-11-25 00:00:00',16,1,15),(165,'\0',17,0,0,'2012-11-25 00:00:00',12,1,10),(166,'\0',17,0,0,'2012-11-25 00:00:00',14,1,8),(167,'\0',17,0,0,'2012-11-25 00:00:00',2,1,3),(168,'\0',17,0,0,'2012-11-25 00:00:00',11,1,5),(169,'\0',17,0,0,'2012-11-25 00:00:00',9,1,19),(170,'\0',17,0,0,'2012-11-25 00:00:00',7,1,17),(171,'\0',18,0,0,'2012-12-02 00:00:00',5,1,9),(172,'\0',18,0,0,'2012-12-02 00:00:00',3,1,11),(173,'\0',18,0,0,'2012-12-02 00:00:00',8,1,2),(174,'\0',18,0,0,'2012-12-02 00:00:00',10,1,14),(175,'\0',18,0,0,'2012-12-02 00:00:00',15,1,12),(176,'\0',18,0,0,'2012-12-02 00:00:00',13,1,16),(177,'\0',18,0,0,'2012-12-02 00:00:00',1,1,18),(178,'\0',18,0,0,'2012-12-02 00:00:00',20,1,4),(179,'\0',18,0,0,'2012-12-02 00:00:00',17,1,6),(180,'\0',18,0,0,'2012-12-02 00:00:00',19,1,7),(181,'\0',19,0,0,'2012-12-09 00:00:00',6,1,19),(182,'\0',19,0,0,'2012-12-09 00:00:00',4,1,17),(183,'\0',19,0,0,'2012-12-09 00:00:00',18,1,20),(184,'\0',19,0,0,'2012-12-09 00:00:00',16,1,1),(185,'\0',19,0,0,'2012-12-09 00:00:00',15,1,13),(186,'\0',19,0,0,'2012-12-09 00:00:00',14,1,12),(187,'\0',19,0,0,'2012-12-09 00:00:00',2,1,10),(188,'\0',19,0,0,'2012-12-09 00:00:00',11,1,8),(189,'\0',19,0,0,'2012-12-09 00:00:00',9,1,3),(190,'\0',19,0,0,'2012-12-09 00:00:00',7,1,5),(191,'',1,0,0,'2012-08-10 09:00:00',21,3,31),(192,'',1,0,1,'2012-08-11 06:15:00',22,3,32),(193,'',1,2,0,'2012-08-12 03:00:00',23,3,33),(194,'',1,3,1,'2012-08-12 05:10:00',24,3,34),(195,'\0',1,0,0,'2012-08-11 12:00:00',25,3,35),(196,'',1,4,2,'2012-08-11 03:30:00',26,3,36),(197,'',1,0,0,'2012-08-13 05:00:00',27,3,37),(198,'',1,1,0,'2012-08-12 03:30:00',28,3,38),(199,'',1,2,1,'2012-08-12 03:30:00',29,3,39),(200,'',1,0,0,'2012-08-12 03:30:00',30,3,40),(201,'',2,2,0,'2012-08-18 11:10:00',30,3,21),(202,'',2,1,0,'2012-08-18 15:30:00',40,3,29),(203,'',2,3,5,'2012-08-19 20:00:00',39,3,28),(204,'',2,3,0,'2012-08-19 15:30:00',38,3,27),(205,'',2,0,1,'2012-08-19 15:30:00',37,3,26),(206,'',2,0,0,'2012-08-20 15:00:00',36,3,25),(207,'',2,1,1,'2012-08-19 15:00:00',35,3,24),(208,'',2,2,4,'2012-08-19 17:10:00',34,3,23),(209,'',2,1,2,'2012-08-18 18:15:00',33,3,22),(210,'',2,0,0,'2012-08-18 14:00:00',32,3,31),(211,'',3,1,3,'2012-08-25 12:00:00',21,3,32),(212,'',3,1,0,'2012-08-25 12:00:00',31,3,33),(213,'',3,0,0,'2012-08-25 12:00:00',22,3,34),(214,'',3,1,0,'2012-08-25 12:00:00',23,3,35),(215,'',3,2,1,'2012-08-25 12:00:00',24,3,36),(216,'\0',3,0,0,'2012-08-25 12:00:00',25,3,37),(217,'',3,2,5,'2012-08-25 12:00:00',26,3,38),(218,'',3,0,1,'2012-08-25 12:00:00',27,3,39),(219,'',3,0,2,'2012-08-25 12:00:00',28,3,40),(220,'',3,1,1,'2012-08-25 12:00:00',29,3,30),(221,'',4,2,1,'2012-09-01 12:00:00',29,3,21),(222,'',4,0,0,'2012-09-01 12:00:00',30,3,28),(223,'',4,1,1,'2012-09-01 12:00:00',40,3,27),(224,'',4,4,0,'2012-09-01 12:00:00',39,3,26),(225,'',4,1,1,'2012-09-01 12:00:00',38,3,25),(226,'',4,4,0,'2012-09-01 12:00:00',37,3,24),(227,'',4,1,1,'2012-09-01 12:00:00',36,3,23),(228,'',4,2,1,'2012-09-01 12:00:00',35,3,22),(229,'',4,1,0,'2012-09-01 12:00:00',34,3,31),(230,'',4,0,0,'2012-09-01 12:00:00',33,3,32),(231,'\0',5,0,0,'2012-09-08 00:00:00',21,3,33),(232,'\0',5,0,0,'2012-09-08 00:00:00',32,3,34),(233,'\0',5,0,0,'2012-09-08 00:00:00',31,3,35),(234,'\0',5,0,0,'2012-09-08 00:00:00',22,3,36),(235,'\0',5,0,0,'2012-09-08 00:00:00',23,3,37),(236,'\0',5,0,0,'2012-09-08 00:00:00',24,3,38),(237,'\0',5,0,0,'2012-09-08 00:00:00',25,3,39),(238,'\0',5,0,0,'2012-09-08 00:00:00',26,3,40),(239,'\0',5,0,0,'2012-09-08 00:00:00',27,3,30),(240,'\0',5,0,0,'2012-09-08 00:00:00',28,3,29),(241,'\0',6,0,0,'2012-09-15 00:00:00',28,3,21),(242,'\0',6,0,0,'2012-09-15 00:00:00',29,3,27),(243,'\0',6,0,0,'2012-09-15 00:00:00',30,3,26),(244,'\0',6,0,0,'2012-09-15 00:00:00',40,3,25),(245,'\0',6,0,0,'2012-09-15 00:00:00',39,3,24),(246,'\0',6,0,0,'2012-09-15 00:00:00',38,3,23),(247,'\0',6,0,0,'2012-09-15 00:00:00',37,3,22),(248,'\0',6,0,0,'2012-09-15 00:00:00',36,3,31),(249,'\0',6,0,0,'2012-09-15 00:00:00',35,3,32),(250,'\0',6,0,0,'2012-09-15 00:00:00',34,3,33),(251,'\0',7,0,0,'2012-09-22 00:00:00',21,3,34),(252,'\0',7,0,0,'2012-09-22 00:00:00',33,3,35),(253,'\0',7,0,0,'2012-09-22 00:00:00',32,3,36),(254,'\0',7,0,0,'2012-09-22 00:00:00',31,3,37),(255,'\0',7,0,0,'2012-09-22 00:00:00',22,3,38),(256,'\0',7,0,0,'2012-09-22 00:00:00',23,3,39),(257,'\0',7,0,0,'2012-09-22 00:00:00',24,3,40),(258,'\0',7,0,0,'2012-09-22 00:00:00',25,3,30),(259,'\0',7,0,0,'2012-09-22 00:00:00',26,3,29),(260,'\0',7,0,0,'2012-09-22 00:00:00',27,3,28),(261,'\0',8,0,0,'2012-09-29 00:00:00',27,3,21),(262,'\0',8,0,0,'2012-09-29 00:00:00',28,3,26),(263,'\0',8,0,0,'2012-09-29 00:00:00',29,3,25),(264,'\0',8,0,0,'2012-09-29 00:00:00',30,3,24),(265,'\0',8,0,0,'2012-09-29 00:00:00',40,3,23),(266,'\0',8,0,0,'2012-09-29 00:00:00',39,3,22),(267,'\0',8,0,0,'2012-09-29 00:00:00',38,3,31),(268,'\0',8,0,0,'2012-09-29 00:00:00',37,3,32),(269,'\0',8,0,0,'2012-09-29 00:00:00',36,3,33),(270,'\0',8,0,0,'2012-09-29 00:00:00',35,3,34),(271,'\0',9,0,0,'2012-10-06 00:00:00',21,3,35),(272,'\0',9,0,0,'2012-10-06 00:00:00',34,3,36),(273,'\0',9,0,0,'2012-10-06 00:00:00',33,3,37),(274,'\0',9,0,0,'2012-10-06 00:00:00',32,3,38),(275,'\0',9,0,0,'2012-10-06 00:00:00',31,3,39),(276,'\0',9,0,0,'2012-10-06 00:00:00',22,3,40),(277,'\0',9,0,0,'2012-10-06 00:00:00',23,3,30),(278,'\0',9,0,0,'2012-10-06 00:00:00',24,3,29),(279,'\0',9,0,0,'2012-10-06 00:00:00',25,3,28),(280,'\0',9,0,0,'2012-10-06 00:00:00',26,3,27),(281,'\0',10,0,0,'2012-10-13 00:00:00',26,3,21),(282,'\0',10,0,0,'2012-10-13 00:00:00',27,3,25),(283,'\0',10,0,0,'2012-10-13 00:00:00',28,3,24),(284,'\0',10,0,0,'2012-10-13 00:00:00',29,3,23),(285,'\0',10,0,0,'2012-10-13 00:00:00',30,3,22),(286,'\0',10,0,0,'2012-10-13 00:00:00',40,3,31),(287,'\0',10,0,0,'2012-10-13 00:00:00',39,3,32),(288,'\0',10,0,0,'2012-10-13 00:00:00',38,3,33),(289,'\0',10,0,0,'2012-10-13 00:00:00',37,3,34),(290,'\0',10,0,0,'2012-10-13 00:00:00',36,3,35),(291,'\0',11,0,0,'2012-10-20 00:00:00',21,3,36),(292,'\0',11,0,0,'2012-10-20 00:00:00',35,3,37),(293,'\0',11,0,0,'2012-10-20 00:00:00',34,3,38),(294,'\0',11,0,0,'2012-10-20 00:00:00',33,3,39),(295,'\0',11,0,0,'2012-10-20 00:00:00',32,3,40),(296,'\0',11,0,0,'2012-10-20 00:00:00',31,3,30),(297,'\0',11,0,0,'2012-10-20 00:00:00',22,3,29),(298,'\0',11,0,0,'2012-10-20 00:00:00',23,3,28),(299,'\0',11,0,0,'2012-10-20 00:00:00',24,3,27),(300,'\0',11,0,0,'2012-10-20 00:00:00',25,3,26),(301,'\0',12,0,0,'2012-10-27 00:00:00',25,3,21),(302,'\0',12,0,0,'2012-10-27 00:00:00',26,3,24),(303,'\0',12,0,0,'2012-10-27 00:00:00',27,3,23),(304,'\0',12,0,0,'2012-10-27 00:00:00',28,3,22),(305,'\0',12,0,0,'2012-10-27 00:00:00',29,3,31),(306,'\0',12,0,0,'2012-10-27 00:00:00',30,3,32),(307,'\0',12,0,0,'2012-10-27 00:00:00',40,3,33),(308,'\0',12,0,0,'2012-10-27 00:00:00',39,3,34),(309,'\0',12,0,0,'2012-10-27 00:00:00',38,3,35),(310,'\0',12,0,0,'2012-10-27 00:00:00',37,3,36),(311,'\0',13,0,0,'2012-11-03 00:00:00',21,3,37),(312,'\0',13,0,0,'2012-11-03 00:00:00',36,3,38),(313,'\0',13,0,0,'2012-11-03 00:00:00',35,3,39),(314,'\0',13,0,0,'2012-11-03 00:00:00',34,3,40),(315,'\0',13,0,0,'2012-11-03 00:00:00',33,3,30),(316,'\0',13,0,0,'2012-11-03 00:00:00',32,3,29),(317,'\0',13,0,0,'2012-11-03 00:00:00',31,3,28),(318,'\0',13,0,0,'2012-11-03 00:00:00',22,3,27),(319,'\0',13,0,0,'2012-11-03 00:00:00',23,3,26),(320,'\0',13,0,0,'2012-11-03 00:00:00',24,3,25),(321,'\0',14,0,0,'2012-11-10 00:00:00',24,3,21),(322,'\0',14,0,0,'2012-11-10 00:00:00',25,3,23),(323,'\0',14,0,0,'2012-11-10 00:00:00',26,3,22),(324,'\0',14,0,0,'2012-11-10 00:00:00',27,3,31),(325,'\0',14,0,0,'2012-11-10 00:00:00',28,3,32),(326,'\0',14,0,0,'2012-11-10 00:00:00',29,3,33),(327,'\0',14,0,0,'2012-11-10 00:00:00',30,3,34),(328,'\0',14,0,0,'2012-11-10 00:00:00',40,3,35),(329,'\0',14,0,0,'2012-11-10 00:00:00',39,3,36),(330,'\0',14,0,0,'2012-11-10 00:00:00',38,3,37),(331,'\0',15,0,0,'2012-11-17 00:00:00',21,3,38),(332,'\0',15,0,0,'2012-11-17 00:00:00',37,3,39),(333,'\0',15,0,0,'2012-11-17 00:00:00',36,3,40),(334,'\0',15,0,0,'2012-11-17 00:00:00',35,3,30),(335,'\0',15,0,0,'2012-11-17 00:00:00',34,3,29),(336,'\0',15,0,0,'2012-11-17 00:00:00',33,3,28),(337,'\0',15,0,0,'2012-11-17 00:00:00',32,3,27),(338,'\0',15,0,0,'2012-11-17 00:00:00',31,3,26),(339,'\0',15,0,0,'2012-11-17 00:00:00',22,3,25),(340,'\0',15,0,0,'2012-11-17 00:00:00',23,3,24),(341,'\0',16,0,0,'2012-11-24 00:00:00',23,3,21),(342,'\0',16,0,0,'2012-11-24 00:00:00',24,3,22),(343,'\0',16,0,0,'2012-11-24 00:00:00',25,3,31),(344,'\0',16,0,0,'2012-11-24 00:00:00',26,3,32),(345,'\0',16,0,0,'2012-11-24 00:00:00',27,3,33),(346,'\0',16,0,0,'2012-11-24 00:00:00',28,3,34),(347,'\0',16,0,0,'2012-11-24 00:00:00',29,3,35),(348,'\0',16,0,0,'2012-11-24 00:00:00',30,3,36),(349,'\0',16,0,0,'2012-11-24 00:00:00',40,3,37),(350,'\0',16,0,0,'2012-11-24 00:00:00',39,3,38),(351,'\0',17,0,0,'2012-12-01 00:00:00',21,3,39),(352,'\0',17,0,0,'2012-12-01 00:00:00',38,3,40),(353,'\0',17,0,0,'2012-12-01 00:00:00',37,3,30),(354,'\0',17,0,0,'2012-12-01 00:00:00',36,3,29),(355,'\0',17,0,0,'2012-12-01 00:00:00',35,3,28),(356,'\0',17,0,0,'2012-12-01 00:00:00',34,3,27),(357,'\0',17,0,0,'2012-12-01 00:00:00',33,3,26),(358,'\0',17,0,0,'2012-12-01 00:00:00',32,3,25),(359,'\0',17,0,0,'2012-12-01 00:00:00',31,3,24),(360,'\0',17,0,0,'2012-12-01 00:00:00',22,3,23),(361,'\0',18,0,0,'2012-12-08 00:00:00',22,3,21),(362,'\0',18,0,0,'2012-12-08 00:00:00',23,3,31),(363,'\0',18,0,0,'2012-12-08 00:00:00',24,3,32),(364,'\0',18,0,0,'2012-12-08 00:00:00',25,3,33),(365,'\0',18,0,0,'2012-12-08 00:00:00',26,3,34),(366,'\0',18,0,0,'2012-12-08 00:00:00',27,3,35),(367,'\0',18,0,0,'2012-12-08 00:00:00',28,3,36),(368,'\0',18,0,0,'2012-12-08 00:00:00',29,3,37),(369,'\0',18,0,0,'2012-12-08 00:00:00',30,3,38),(370,'\0',18,0,0,'2012-12-08 00:00:00',40,3,39),(371,'\0',19,0,0,'2013-02-02 00:00:00',21,3,40),(372,'\0',19,0,0,'2013-02-02 00:00:00',39,3,30),(373,'\0',19,0,0,'2013-02-02 00:00:00',38,3,29),(374,'\0',19,0,0,'2013-02-02 00:00:00',37,3,28),(375,'\0',19,0,0,'2013-02-02 00:00:00',36,3,27),(376,'\0',19,0,0,'2013-02-02 00:00:00',35,3,26),(377,'\0',19,0,0,'2013-02-02 00:00:00',34,3,25),(378,'\0',19,0,0,'2013-02-02 00:00:00',33,3,24),(379,'\0',19,0,0,'2013-02-02 00:00:00',32,3,23),(380,'\0',19,0,0,'2013-02-02 00:00:00',31,3,22),(381,'\0',20,0,0,'2013-02-09 00:00:00',31,3,21),(382,'\0',20,0,0,'2013-02-09 00:00:00',32,3,22),(383,'\0',20,0,0,'2013-02-09 00:00:00',33,3,23),(384,'\0',20,0,0,'2013-02-09 00:00:00',34,3,24),(385,'\0',20,0,0,'2013-02-09 00:00:00',35,3,25),(386,'\0',20,0,0,'2013-02-09 00:00:00',36,3,26),(387,'\0',20,0,0,'2013-02-09 00:00:00',37,3,27),(388,'\0',20,0,0,'2013-02-09 00:00:00',38,3,28),(389,'\0',20,0,0,'2013-02-09 00:00:00',39,3,29),(390,'\0',20,0,0,'2013-02-09 00:00:00',40,3,30),(391,'\0',21,0,0,'2013-02-16 00:00:00',21,3,30),(392,'\0',21,0,0,'2013-02-16 00:00:00',29,3,40),(393,'\0',21,0,0,'2013-02-16 00:00:00',28,3,39),(394,'\0',21,0,0,'2013-02-16 00:00:00',27,3,38),(395,'\0',21,0,0,'2013-02-16 00:00:00',26,3,37),(396,'\0',21,0,0,'2013-02-16 00:00:00',25,3,36),(397,'\0',21,0,0,'2013-02-16 00:00:00',24,3,35),(398,'\0',21,0,0,'2013-02-16 00:00:00',23,3,34),(399,'\0',21,0,0,'2013-02-16 00:00:00',22,3,33),(400,'\0',21,0,0,'2013-02-16 00:00:00',31,3,32),(401,'\0',22,0,0,'2013-02-23 00:00:00',32,3,21),(402,'\0',22,0,0,'2013-02-23 00:00:00',33,3,31),(403,'\0',22,0,0,'2013-02-23 00:00:00',34,3,22),(404,'\0',22,0,0,'2013-02-23 00:00:00',35,3,23),(405,'\0',22,0,0,'2013-02-23 00:00:00',36,3,24),(406,'\0',22,0,0,'2013-02-23 00:00:00',37,3,25),(407,'\0',22,0,0,'2013-02-23 00:00:00',38,3,26),(408,'\0',22,0,0,'2013-02-23 00:00:00',39,3,27),(409,'\0',22,0,0,'2013-02-23 00:00:00',40,3,28),(410,'\0',22,0,0,'2013-02-23 00:00:00',30,3,29),(411,'\0',23,0,0,'2013-03-02 00:00:00',21,3,29),(412,'\0',23,0,0,'2013-03-02 00:00:00',28,3,30),(413,'\0',23,0,0,'2013-03-02 00:00:00',27,3,40),(414,'\0',23,0,0,'2013-03-02 00:00:00',26,3,39),(415,'\0',23,0,0,'2013-03-02 00:00:00',25,3,38),(416,'\0',23,0,0,'2013-03-02 00:00:00',24,3,37),(417,'\0',23,0,0,'2013-03-02 00:00:00',23,3,36),(418,'\0',23,0,0,'2013-03-02 00:00:00',22,3,35),(419,'\0',23,0,0,'2013-03-02 00:00:00',31,3,34),(420,'\0',23,0,0,'2013-03-02 00:00:00',32,3,33),(421,'\0',24,0,0,'2013-03-09 00:00:00',33,3,21),(422,'\0',24,0,0,'2013-03-09 00:00:00',34,3,32),(423,'\0',24,0,0,'2013-03-09 00:00:00',35,3,31),(424,'\0',24,0,0,'2013-03-09 00:00:00',36,3,22),(425,'\0',24,0,0,'2013-03-09 00:00:00',37,3,23),(426,'\0',24,0,0,'2013-03-09 00:00:00',38,3,24),(427,'\0',24,0,0,'2013-03-09 00:00:00',39,3,25),(428,'\0',24,0,0,'2013-03-09 00:00:00',40,3,26),(429,'\0',24,0,0,'2013-03-09 00:00:00',30,3,27),(430,'\0',24,0,0,'2013-03-09 00:00:00',29,3,28),(431,'\0',25,0,0,'2013-03-16 00:00:00',21,3,28),(432,'\0',25,0,0,'2013-03-16 00:00:00',27,3,29),(433,'\0',25,0,0,'2013-03-16 00:00:00',26,3,30),(434,'\0',25,0,0,'2013-03-16 00:00:00',25,3,40),(435,'\0',25,0,0,'2013-03-16 00:00:00',24,3,39),(436,'\0',25,0,0,'2013-03-16 00:00:00',23,3,38),(437,'\0',25,0,0,'2013-03-16 00:00:00',22,3,37),(438,'\0',25,0,0,'2013-03-16 00:00:00',31,3,36),(439,'\0',25,0,0,'2013-03-16 00:00:00',32,3,35),(440,'\0',25,0,0,'2013-03-16 00:00:00',33,3,34),(441,'\0',26,0,0,'2013-03-23 00:00:00',34,3,21),(442,'\0',26,0,0,'2013-03-23 00:00:00',35,3,33),(443,'\0',26,0,0,'2013-03-23 00:00:00',36,3,32),(444,'\0',26,0,0,'2013-03-23 00:00:00',37,3,31),(445,'\0',26,0,0,'2013-03-23 00:00:00',38,3,22),(446,'\0',26,0,0,'2013-03-23 00:00:00',39,3,23),(447,'\0',26,0,0,'2013-03-23 00:00:00',40,3,24),(448,'\0',26,0,0,'2013-03-23 00:00:00',30,3,25),(449,'\0',26,0,0,'2013-03-23 00:00:00',29,3,26),(450,'\0',26,0,0,'2013-03-23 00:00:00',28,3,27),(451,'\0',27,0,0,'2013-03-30 00:00:00',21,3,27),(452,'\0',27,0,0,'2013-03-30 00:00:00',26,3,28),(453,'\0',27,0,0,'2013-03-30 00:00:00',25,3,29),(454,'\0',27,0,0,'2013-03-30 00:00:00',24,3,30),(455,'\0',27,0,0,'2013-03-30 00:00:00',23,3,40),(456,'\0',27,0,0,'2013-03-30 00:00:00',22,3,39),(457,'\0',27,0,0,'2013-03-30 00:00:00',31,3,38),(458,'\0',27,0,0,'2013-03-30 00:00:00',32,3,37),(459,'\0',27,0,0,'2013-03-30 00:00:00',33,3,36),(460,'\0',27,0,0,'2013-03-30 00:00:00',34,3,35),(461,'\0',28,0,0,'2013-04-06 00:00:00',35,3,21),(462,'\0',28,0,0,'2013-04-06 00:00:00',36,3,34),(463,'\0',28,0,0,'2013-04-06 00:00:00',37,3,33),(464,'\0',28,0,0,'2013-04-06 00:00:00',38,3,32),(465,'\0',28,0,0,'2013-04-06 00:00:00',39,3,31),(466,'\0',28,0,0,'2013-04-06 00:00:00',40,3,22),(467,'\0',28,0,0,'2013-04-06 00:00:00',30,3,23),(468,'\0',28,0,0,'2013-04-06 00:00:00',29,3,24),(469,'\0',28,0,0,'2013-04-06 00:00:00',28,3,25),(470,'\0',28,0,0,'2013-04-06 00:00:00',27,3,26),(471,'\0',29,0,0,'2013-04-13 00:00:00',21,3,26),(472,'\0',29,0,0,'2013-04-13 00:00:00',25,3,27),(473,'\0',29,0,0,'2013-04-13 00:00:00',24,3,28),(474,'\0',29,0,0,'2013-04-13 00:00:00',23,3,29),(475,'\0',29,0,0,'2013-04-13 00:00:00',22,3,30),(476,'\0',29,0,0,'2013-04-13 00:00:00',31,3,40),(477,'\0',29,0,0,'2013-04-13 00:00:00',32,3,39),(478,'\0',29,0,0,'2013-04-13 00:00:00',33,3,38),(479,'\0',29,0,0,'2013-04-13 00:00:00',34,3,37),(480,'\0',29,0,0,'2013-04-13 00:00:00',35,3,36),(481,'\0',30,0,0,'2013-04-20 00:00:00',36,3,21),(482,'\0',30,0,0,'2013-04-20 00:00:00',37,3,35),(483,'\0',30,0,0,'2013-04-20 00:00:00',38,3,34),(484,'\0',30,0,0,'2013-04-20 00:00:00',39,3,33),(485,'\0',30,0,0,'2013-04-20 00:00:00',40,3,32),(486,'\0',30,0,0,'2013-04-20 00:00:00',30,3,31),(487,'\0',30,0,0,'2013-04-20 00:00:00',29,3,22),(488,'\0',30,0,0,'2013-04-20 00:00:00',28,3,23),(489,'\0',30,0,0,'2013-04-20 00:00:00',27,3,24),(490,'\0',30,0,0,'2013-04-20 00:00:00',26,3,25),(491,'\0',31,0,0,'2013-04-27 00:00:00',21,3,25),(492,'\0',31,0,0,'2013-04-27 00:00:00',24,3,26),(493,'\0',31,0,0,'2013-04-27 00:00:00',23,3,27),(494,'\0',31,0,0,'2013-04-27 00:00:00',22,3,28),(495,'\0',31,0,0,'2013-04-27 00:00:00',31,3,29),(496,'\0',31,0,0,'2013-04-27 00:00:00',32,3,30),(497,'\0',31,0,0,'2013-04-27 00:00:00',33,3,40),(498,'\0',31,0,0,'2013-04-27 00:00:00',34,3,39),(499,'\0',31,0,0,'2013-04-27 00:00:00',35,3,38),(500,'\0',31,0,0,'2013-04-27 00:00:00',36,3,37),(501,'\0',32,0,0,'2013-05-04 00:00:00',37,3,21),(502,'\0',32,0,0,'2013-05-04 00:00:00',38,3,36),(503,'\0',32,0,0,'2013-05-04 00:00:00',39,3,35),(504,'\0',32,0,0,'2013-05-04 00:00:00',40,3,34),(505,'\0',32,0,0,'2013-05-04 00:00:00',30,3,33),(506,'\0',32,0,0,'2013-05-04 00:00:00',29,3,32),(507,'\0',32,0,0,'2013-05-04 00:00:00',28,3,31),(508,'\0',32,0,0,'2013-05-04 00:00:00',27,3,22),(509,'\0',32,0,0,'2013-05-04 00:00:00',26,3,23),(510,'\0',32,0,0,'2013-05-04 00:00:00',25,3,24),(511,'\0',33,0,0,'2013-05-11 00:00:00',21,3,24),(512,'\0',33,0,0,'2013-05-11 00:00:00',23,3,25),(513,'\0',33,0,0,'2013-05-11 00:00:00',22,3,26),(514,'\0',33,0,0,'2013-05-11 00:00:00',31,3,27),(515,'\0',33,0,0,'2013-05-11 00:00:00',32,3,28),(516,'\0',33,0,0,'2013-05-11 00:00:00',33,3,29),(517,'\0',33,0,0,'2013-05-11 00:00:00',34,3,30),(518,'\0',33,0,0,'2013-05-11 00:00:00',35,3,40),(519,'\0',33,0,0,'2013-05-11 00:00:00',36,3,39),(520,'\0',33,0,0,'2013-05-11 00:00:00',37,3,38),(521,'\0',34,0,0,'2013-05-18 00:00:00',38,3,21),(522,'\0',34,0,0,'2013-05-18 00:00:00',39,3,37),(523,'\0',34,0,0,'2013-05-18 00:00:00',40,3,36),(524,'\0',34,0,0,'2013-05-18 00:00:00',30,3,35),(525,'\0',34,0,0,'2013-05-18 00:00:00',29,3,34),(526,'\0',34,0,0,'2013-05-18 00:00:00',28,3,33),(527,'\0',34,0,0,'2013-05-18 00:00:00',27,3,32),(528,'\0',34,0,0,'2013-05-18 00:00:00',26,3,31),(529,'\0',34,0,0,'2013-05-18 00:00:00',25,3,22),(530,'\0',34,0,0,'2013-05-18 00:00:00',24,3,23),(531,'\0',35,0,0,'2013-05-25 00:00:00',21,3,23),(532,'\0',35,0,0,'2013-05-25 00:00:00',22,3,24),(533,'\0',35,0,0,'2013-05-25 00:00:00',31,3,25),(534,'\0',35,0,0,'2013-05-25 00:00:00',32,3,26),(535,'\0',35,0,0,'2013-05-25 00:00:00',33,3,27),(536,'\0',35,0,0,'2013-05-25 00:00:00',34,3,28),(537,'\0',35,0,0,'2013-05-25 00:00:00',35,3,29),(538,'\0',35,0,0,'2013-05-25 00:00:00',36,3,30),(539,'\0',35,0,0,'2013-05-25 00:00:00',37,3,40),(540,'\0',35,0,0,'2013-05-25 00:00:00',38,3,39),(541,'\0',36,0,0,'2013-06-01 00:00:00',39,3,21),(542,'\0',36,0,0,'2013-06-01 00:00:00',40,3,38),(543,'\0',36,0,0,'2013-06-01 00:00:00',30,3,37),(544,'\0',36,0,0,'2013-06-01 00:00:00',29,3,36),(545,'\0',36,0,0,'2013-06-01 00:00:00',28,3,35),(546,'\0',36,0,0,'2013-06-01 00:00:00',27,3,34),(547,'\0',36,0,0,'2013-06-01 00:00:00',26,3,33),(548,'\0',36,0,0,'2013-06-01 00:00:00',25,3,32),(549,'\0',36,0,0,'2013-06-01 00:00:00',24,3,31),(550,'\0',36,0,0,'2013-06-01 00:00:00',23,3,22),(551,'\0',37,0,0,'2013-06-08 00:00:00',21,3,22),(552,'\0',37,0,0,'2013-06-08 00:00:00',31,3,23),(553,'\0',37,0,0,'2013-06-08 00:00:00',32,3,24),(554,'\0',37,0,0,'2013-06-08 00:00:00',33,3,25),(555,'\0',37,0,0,'2013-06-08 00:00:00',34,3,26),(556,'\0',37,0,0,'2013-06-08 00:00:00',35,3,27),(557,'\0',37,0,0,'2013-06-08 00:00:00',36,3,28),(558,'\0',37,0,0,'2013-06-08 00:00:00',37,3,29),(559,'\0',37,0,0,'2013-06-08 00:00:00',38,3,30),(560,'\0',37,0,0,'2013-06-08 00:00:00',39,3,40),(561,'\0',38,0,0,'2013-06-15 00:00:00',40,3,21),(562,'\0',38,0,0,'2013-06-15 00:00:00',30,3,39),(563,'\0',38,0,0,'2013-06-15 00:00:00',29,3,38),(564,'\0',38,0,0,'2013-06-15 00:00:00',28,3,37),(565,'\0',38,0,0,'2013-06-15 00:00:00',27,3,36),(566,'\0',38,0,0,'2013-06-15 00:00:00',26,3,35),(567,'\0',38,0,0,'2013-06-15 00:00:00',25,3,34),(568,'\0',38,0,0,'2013-06-15 00:00:00',24,3,33),(569,'\0',38,0,0,'2013-06-15 00:00:00',23,3,32),(570,'\0',38,0,0,'2013-06-15 00:00:00',22,3,31),(571,'',1,1,3,'2012-08-04 12:00:00',41,4,42),(572,'',1,1,1,'2012-08-04 12:00:00',43,4,44),(573,'',1,3,1,'2012-08-04 12:00:00',45,4,46),(574,'',1,0,0,'2012-08-04 12:00:00',47,4,48),(575,'',1,1,1,'2012-08-04 12:00:00',49,4,50),(576,'',1,1,0,'2012-08-04 12:00:00',51,4,52),(577,'',1,0,2,'2012-08-04 12:00:00',53,4,54),(578,'',1,3,0,'2012-08-04 12:00:00',55,4,56),(579,'',1,0,1,'2012-08-04 12:00:00',57,4,58),(580,'',1,0,2,'2012-08-04 12:00:00',59,4,60),(581,'\0',2,0,0,'2012-08-11 12:00:00',59,4,41),(582,'',2,1,0,'2012-08-11 12:00:00',60,4,57),(583,'',2,1,2,'2012-08-11 12:00:00',58,4,55),(584,'',2,2,1,'2012-08-11 12:00:00',56,4,53),(585,'\0',2,0,0,'2012-08-11 12:00:00',54,4,51),(586,'',2,2,1,'2012-08-11 12:00:00',52,4,49),(587,'',2,2,0,'2012-08-11 12:00:00',50,4,47),(588,'\0',2,0,0,'2012-08-11 12:00:00',48,4,45),(589,'',2,1,0,'2012-08-11 12:00:00',46,4,43),(590,'',2,3,0,'2012-08-11 12:00:00',44,4,42),(591,'',3,1,1,'2012-08-18 12:00:00',41,4,44),(592,'',3,0,0,'2012-08-18 12:00:00',42,4,46),(593,'',3,4,0,'2012-08-18 12:00:00',43,4,48),(594,'',3,1,0,'2012-08-18 12:00:00',45,4,50),(595,'',3,1,1,'2012-08-18 12:00:00',47,4,52),(596,'',3,0,1,'2012-08-18 12:00:00',49,4,54),(597,'',3,0,0,'2012-08-18 12:00:00',51,4,56),(598,'',3,0,0,'2012-08-18 12:00:00',53,4,58),(599,'',3,1,1,'2012-08-18 12:00:00',55,4,60),(600,'',3,1,0,'2012-08-18 12:00:00',57,4,59),(601,'',4,0,2,'2012-08-25 12:00:00',57,4,41),(602,'',4,1,2,'2012-08-25 12:00:00',59,4,55),(603,'',4,1,0,'2012-08-25 12:00:00',60,4,53),(604,'',4,0,3,'2012-08-25 12:00:00',58,4,51),(605,'',4,1,0,'2012-08-25 12:00:00',56,4,49),(606,'',4,1,0,'2012-08-25 12:00:00',54,4,47),(607,'',4,3,0,'2012-08-25 12:00:00',52,4,45),(608,'',4,1,2,'2012-08-25 12:00:00',50,4,43),(609,'',4,1,0,'2012-08-25 12:00:00',48,4,42),(610,'',4,0,0,'2012-08-25 12:00:00',46,4,44),(611,'',5,0,2,'2012-09-01 12:00:00',41,4,46),(612,'',5,4,2,'2012-09-01 12:00:00',44,4,48),(613,'',5,0,0,'2012-09-01 12:00:00',42,4,50),(614,'',5,2,1,'2012-09-01 12:00:00',43,4,52),(615,'',5,2,1,'2012-09-01 12:00:00',45,4,54),(616,'',5,1,0,'2012-09-01 12:00:00',47,4,56),(617,'',5,2,0,'2012-09-01 12:00:00',49,4,58),(618,'',5,1,0,'2012-09-01 12:00:00',51,4,60),(619,'',5,3,1,'2012-09-01 12:00:00',53,4,59),(620,'',5,0,0,'2012-09-01 12:00:00',55,4,57),(621,'\0',6,0,0,'2012-09-08 00:00:00',55,4,41),(622,'\0',6,0,0,'2012-09-08 00:00:00',57,4,53),(623,'\0',6,0,0,'2012-09-08 00:00:00',59,4,51),(624,'\0',6,0,0,'2012-09-08 00:00:00',60,4,49),(625,'\0',6,0,0,'2012-09-08 00:00:00',58,4,47),(626,'\0',6,0,0,'2012-09-08 00:00:00',56,4,45),(627,'\0',6,0,0,'2012-09-08 00:00:00',54,4,43),(628,'\0',6,0,0,'2012-09-08 00:00:00',52,4,42),(629,'\0',6,0,0,'2012-09-08 00:00:00',50,4,44),(630,'\0',6,0,0,'2012-09-08 00:00:00',48,4,46),(631,'\0',7,0,0,'2012-09-15 00:00:00',41,4,48),(632,'\0',7,0,0,'2012-09-15 00:00:00',46,4,50),(633,'\0',7,0,0,'2012-09-15 00:00:00',44,4,52),(634,'\0',7,0,0,'2012-09-15 00:00:00',42,4,54),(635,'\0',7,0,0,'2012-09-15 00:00:00',43,4,56),(636,'\0',7,0,0,'2012-09-15 00:00:00',45,4,58),(637,'\0',7,0,0,'2012-09-15 00:00:00',47,4,60),(638,'\0',7,0,0,'2012-09-15 00:00:00',49,4,59),(639,'\0',7,0,0,'2012-09-15 00:00:00',51,4,57),(640,'\0',7,0,0,'2012-09-15 00:00:00',53,4,55),(641,'\0',8,0,0,'2012-09-22 00:00:00',53,4,41),(642,'\0',8,0,0,'2012-09-22 00:00:00',55,4,51),(643,'\0',8,0,0,'2012-09-22 00:00:00',57,4,49),(644,'\0',8,0,0,'2012-09-22 00:00:00',59,4,47),(645,'\0',8,0,0,'2012-09-22 00:00:00',60,4,45),(646,'\0',8,0,0,'2012-09-22 00:00:00',58,4,43),(647,'\0',8,0,0,'2012-09-22 00:00:00',56,4,42),(648,'\0',8,0,0,'2012-09-22 00:00:00',54,4,44),(649,'\0',8,0,0,'2012-09-22 00:00:00',52,4,46),(650,'\0',8,0,0,'2012-09-22 00:00:00',50,4,48),(651,'\0',9,0,0,'2012-09-29 00:00:00',41,4,50),(652,'\0',9,0,0,'2012-09-29 00:00:00',48,4,52),(653,'\0',9,0,0,'2012-09-29 00:00:00',46,4,54),(654,'\0',9,0,0,'2012-09-29 00:00:00',44,4,56),(655,'\0',9,0,0,'2012-09-29 00:00:00',42,4,58),(656,'\0',9,0,0,'2012-09-29 00:00:00',43,4,60),(657,'\0',9,0,0,'2012-09-29 00:00:00',45,4,59),(658,'\0',9,0,0,'2012-09-29 00:00:00',47,4,57),(659,'\0',9,0,0,'2012-09-29 00:00:00',49,4,55),(660,'\0',9,0,0,'2012-09-29 00:00:00',51,4,53),(661,'\0',10,0,0,'2012-10-06 00:00:00',51,4,41),(662,'\0',10,0,0,'2012-10-06 00:00:00',53,4,49),(663,'\0',10,0,0,'2012-10-06 00:00:00',55,4,47),(664,'\0',10,0,0,'2012-10-06 00:00:00',57,4,45),(665,'\0',10,0,0,'2012-10-06 00:00:00',59,4,43),(666,'\0',10,0,0,'2012-10-06 00:00:00',60,4,42),(667,'\0',10,0,0,'2012-10-06 00:00:00',58,4,44),(668,'\0',10,0,0,'2012-10-06 00:00:00',56,4,46),(669,'\0',10,0,0,'2012-10-06 00:00:00',54,4,48),(670,'\0',10,0,0,'2012-10-06 00:00:00',52,4,50),(671,'\0',11,0,0,'2012-10-13 00:00:00',41,4,52),(672,'\0',11,0,0,'2012-10-13 00:00:00',50,4,54),(673,'\0',11,0,0,'2012-10-13 00:00:00',48,4,56),(674,'\0',11,0,0,'2012-10-13 00:00:00',46,4,58),(675,'\0',11,0,0,'2012-10-13 00:00:00',44,4,60),(676,'\0',11,0,0,'2012-10-13 00:00:00',42,4,59),(677,'\0',11,0,0,'2012-10-13 00:00:00',43,4,57),(678,'\0',11,0,0,'2012-10-13 00:00:00',45,4,55),(679,'\0',11,0,0,'2012-10-13 00:00:00',47,4,53),(680,'\0',11,0,0,'2012-10-13 00:00:00',49,4,51),(681,'\0',12,0,0,'2012-10-20 00:00:00',49,4,41),(682,'\0',12,0,0,'2012-10-20 00:00:00',51,4,47),(683,'\0',12,0,0,'2012-10-20 00:00:00',53,4,45),(684,'\0',12,0,0,'2012-10-20 00:00:00',55,4,43),(685,'\0',12,0,0,'2012-10-20 00:00:00',57,4,42),(686,'\0',12,0,0,'2012-10-20 00:00:00',59,4,44),(687,'\0',12,0,0,'2012-10-20 00:00:00',60,4,46),(688,'\0',12,0,0,'2012-10-20 00:00:00',58,4,48),(689,'\0',12,0,0,'2012-10-20 00:00:00',56,4,50),(690,'\0',12,0,0,'2012-10-20 00:00:00',54,4,52),(691,'\0',13,0,0,'2012-10-27 00:00:00',41,4,54),(692,'\0',13,0,0,'2012-10-27 00:00:00',52,4,56),(693,'\0',13,0,0,'2012-10-27 00:00:00',50,4,58),(694,'\0',13,0,0,'2012-10-27 00:00:00',48,4,60),(695,'\0',13,0,0,'2012-10-27 00:00:00',46,4,59),(696,'\0',13,0,0,'2012-10-27 00:00:00',44,4,57),(697,'\0',13,0,0,'2012-10-27 00:00:00',42,4,55),(698,'\0',13,0,0,'2012-10-27 00:00:00',43,4,53),(699,'\0',13,0,0,'2012-10-27 00:00:00',45,4,51),(700,'\0',13,0,0,'2012-10-27 00:00:00',47,4,49),(701,'\0',14,0,0,'2012-11-03 00:00:00',47,4,41),(702,'\0',14,0,0,'2012-11-03 00:00:00',49,4,45),(703,'\0',14,0,0,'2012-11-03 00:00:00',51,4,43),(704,'\0',14,0,0,'2012-11-03 00:00:00',53,4,42),(705,'\0',14,0,0,'2012-11-03 00:00:00',55,4,44),(706,'\0',14,0,0,'2012-11-03 00:00:00',57,4,46),(707,'\0',14,0,0,'2012-11-03 00:00:00',59,4,48),(708,'\0',14,0,0,'2012-11-03 00:00:00',60,4,50),(709,'\0',14,0,0,'2012-11-03 00:00:00',58,4,52),(710,'\0',14,0,0,'2012-11-03 00:00:00',56,4,54),(711,'\0',15,0,0,'2012-11-10 00:00:00',41,4,56),(712,'\0',15,0,0,'2012-11-10 00:00:00',54,4,58),(713,'\0',15,0,0,'2012-11-10 00:00:00',52,4,60),(714,'\0',15,0,0,'2012-11-10 00:00:00',50,4,59),(715,'\0',15,0,0,'2012-11-10 00:00:00',48,4,57),(716,'\0',15,0,0,'2012-11-10 00:00:00',46,4,55),(717,'\0',15,0,0,'2012-11-10 00:00:00',44,4,53),(718,'\0',15,0,0,'2012-11-10 00:00:00',42,4,51),(719,'\0',15,0,0,'2012-11-10 00:00:00',43,4,49),(720,'\0',15,0,0,'2012-11-10 00:00:00',45,4,47),(721,'\0',16,0,0,'2012-11-17 00:00:00',45,4,41),(722,'\0',16,0,0,'2012-11-17 00:00:00',47,4,43),(723,'\0',16,0,0,'2012-11-17 00:00:00',49,4,42),(724,'\0',16,0,0,'2012-11-17 00:00:00',51,4,44),(725,'\0',16,0,0,'2012-11-17 00:00:00',53,4,46),(726,'\0',16,0,0,'2012-11-17 00:00:00',55,4,48),(727,'\0',16,0,0,'2012-11-17 00:00:00',57,4,50),(728,'\0',16,0,0,'2012-11-17 00:00:00',59,4,52),(729,'\0',16,0,0,'2012-11-17 00:00:00',60,4,54),(730,'\0',16,0,0,'2012-11-17 00:00:00',58,4,56),(731,'\0',17,0,0,'2012-11-24 00:00:00',41,4,58),(732,'\0',17,0,0,'2012-11-24 00:00:00',56,4,60),(733,'\0',17,0,0,'2012-11-24 00:00:00',54,4,59),(734,'\0',17,0,0,'2012-11-24 00:00:00',52,4,57),(735,'\0',17,0,0,'2012-11-24 00:00:00',50,4,55),(736,'\0',17,0,0,'2012-11-24 00:00:00',48,4,53),(737,'\0',17,0,0,'2012-11-24 00:00:00',46,4,51),(738,'\0',17,0,0,'2012-11-24 00:00:00',44,4,49),(739,'\0',17,0,0,'2012-11-24 00:00:00',42,4,47),(740,'\0',17,0,0,'2012-11-24 00:00:00',43,4,45),(741,'\0',18,0,0,'2012-12-01 00:00:00',43,4,41),(742,'\0',18,0,0,'2012-12-01 00:00:00',45,4,42),(743,'\0',18,0,0,'2012-12-01 00:00:00',47,4,44),(744,'\0',18,0,0,'2012-12-01 00:00:00',49,4,46),(745,'\0',18,0,0,'2012-12-01 00:00:00',51,4,48),(746,'\0',18,0,0,'2012-12-01 00:00:00',53,4,50),(747,'\0',18,0,0,'2012-12-01 00:00:00',55,4,52),(748,'\0',18,0,0,'2012-12-01 00:00:00',57,4,54),(749,'\0',18,0,0,'2012-12-01 00:00:00',59,4,56),(750,'\0',18,0,0,'2012-12-01 00:00:00',60,4,58),(751,'\0',19,0,0,'2012-12-08 00:00:00',41,4,60),(752,'\0',19,0,0,'2012-12-08 00:00:00',58,4,59),(753,'\0',19,0,0,'2012-12-08 00:00:00',56,4,57),(754,'\0',19,0,0,'2012-12-08 00:00:00',54,4,55),(755,'\0',19,0,0,'2012-12-08 00:00:00',52,4,53),(756,'\0',19,0,0,'2012-12-08 00:00:00',50,4,51),(757,'\0',19,0,0,'2012-12-08 00:00:00',48,4,49),(758,'\0',19,0,0,'2012-12-08 00:00:00',46,4,47),(759,'\0',19,0,0,'2012-12-08 00:00:00',44,4,45),(760,'\0',19,0,0,'2012-12-08 00:00:00',42,4,43),(761,'\0',20,0,0,'2012-12-15 00:00:00',42,4,41),(762,'\0',20,0,0,'2012-12-15 00:00:00',44,4,43),(763,'\0',20,0,0,'2012-12-15 00:00:00',46,4,45),(764,'\0',20,0,0,'2012-12-15 00:00:00',48,4,47),(765,'\0',20,0,0,'2012-12-15 00:00:00',50,4,49),(766,'\0',20,0,0,'2012-12-15 00:00:00',52,4,51),(767,'\0',20,0,0,'2012-12-15 00:00:00',54,4,53),(768,'\0',20,0,0,'2012-12-15 00:00:00',56,4,55),(769,'\0',20,0,0,'2012-12-15 00:00:00',58,4,57),(770,'\0',20,0,0,'2012-12-15 00:00:00',60,4,59),(771,'\0',21,0,0,'2013-02-02 00:00:00',41,4,59),(772,'\0',21,0,0,'2013-02-02 00:00:00',57,4,60),(773,'\0',21,0,0,'2013-02-02 00:00:00',55,4,58),(774,'\0',21,0,0,'2013-02-02 00:00:00',53,4,56),(775,'\0',21,0,0,'2013-02-02 00:00:00',51,4,54),(776,'\0',21,0,0,'2013-02-02 00:00:00',49,4,52),(777,'\0',21,0,0,'2013-02-02 00:00:00',47,4,50),(778,'\0',21,0,0,'2013-02-02 00:00:00',45,4,48),(779,'\0',21,0,0,'2013-02-02 00:00:00',43,4,46),(780,'\0',21,0,0,'2013-02-02 00:00:00',42,4,44),(781,'\0',22,0,0,'2013-02-09 00:00:00',44,4,41),(782,'\0',22,0,0,'2013-02-09 00:00:00',46,4,42),(783,'\0',22,0,0,'2013-02-09 00:00:00',48,4,43),(784,'\0',22,0,0,'2013-02-09 00:00:00',50,4,45),(785,'\0',22,0,0,'2013-02-09 00:00:00',52,4,47),(786,'\0',22,0,0,'2013-02-09 00:00:00',54,4,49),(787,'\0',22,0,0,'2013-02-09 00:00:00',56,4,51),(788,'\0',22,0,0,'2013-02-09 00:00:00',58,4,53),(789,'\0',22,0,0,'2013-02-09 00:00:00',60,4,55),(790,'\0',22,0,0,'2013-02-09 00:00:00',59,4,57),(791,'\0',23,0,0,'2013-02-16 00:00:00',41,4,57),(792,'\0',23,0,0,'2013-02-16 00:00:00',55,4,59),(793,'\0',23,0,0,'2013-02-16 00:00:00',53,4,60),(794,'\0',23,0,0,'2013-02-16 00:00:00',51,4,58),(795,'\0',23,0,0,'2013-02-16 00:00:00',49,4,56),(796,'\0',23,0,0,'2013-02-16 00:00:00',47,4,54),(797,'\0',23,0,0,'2013-02-16 00:00:00',45,4,52),(798,'\0',23,0,0,'2013-02-16 00:00:00',43,4,50),(799,'\0',23,0,0,'2013-02-16 00:00:00',42,4,48),(800,'\0',23,0,0,'2013-02-16 00:00:00',44,4,46),(801,'\0',24,0,0,'2013-02-23 00:00:00',46,4,41),(802,'\0',24,0,0,'2013-02-23 00:00:00',48,4,44),(803,'\0',24,0,0,'2013-02-23 00:00:00',50,4,42),(804,'\0',24,0,0,'2013-02-23 00:00:00',52,4,43),(805,'\0',24,0,0,'2013-02-23 00:00:00',54,4,45),(806,'\0',24,0,0,'2013-02-23 00:00:00',56,4,47),(807,'\0',24,0,0,'2013-02-23 00:00:00',58,4,49),(808,'\0',24,0,0,'2013-02-23 00:00:00',60,4,51),(809,'\0',24,0,0,'2013-02-23 00:00:00',59,4,53),(810,'\0',24,0,0,'2013-02-23 00:00:00',57,4,55),(811,'\0',25,0,0,'2013-03-02 00:00:00',41,4,55),(812,'\0',25,0,0,'2013-03-02 00:00:00',53,4,57),(813,'\0',25,0,0,'2013-03-02 00:00:00',51,4,59),(814,'\0',25,0,0,'2013-03-02 00:00:00',49,4,60),(815,'\0',25,0,0,'2013-03-02 00:00:00',47,4,58),(816,'\0',25,0,0,'2013-03-02 00:00:00',45,4,56),(817,'\0',25,0,0,'2013-03-02 00:00:00',43,4,54),(818,'\0',25,0,0,'2013-03-02 00:00:00',42,4,52),(819,'\0',25,0,0,'2013-03-02 00:00:00',44,4,50),(820,'\0',25,0,0,'2013-03-02 00:00:00',46,4,48),(821,'\0',26,0,0,'2013-03-09 00:00:00',48,4,41),(822,'\0',26,0,0,'2013-03-09 00:00:00',50,4,46),(823,'\0',26,0,0,'2013-03-09 00:00:00',52,4,44),(824,'\0',26,0,0,'2013-03-09 00:00:00',54,4,42),(825,'\0',26,0,0,'2013-03-09 00:00:00',56,4,43),(826,'\0',26,0,0,'2013-03-09 00:00:00',58,4,45),(827,'\0',26,0,0,'2013-03-09 00:00:00',60,4,47),(828,'\0',26,0,0,'2013-03-09 00:00:00',59,4,49),(829,'\0',26,0,0,'2013-03-09 00:00:00',57,4,51),(830,'\0',26,0,0,'2013-03-09 00:00:00',55,4,53),(831,'\0',27,0,0,'2013-03-16 00:00:00',41,4,53),(832,'\0',27,0,0,'2013-03-16 00:00:00',51,4,55),(833,'\0',27,0,0,'2013-03-16 00:00:00',49,4,57),(834,'\0',27,0,0,'2013-03-16 00:00:00',47,4,59),(835,'\0',27,0,0,'2013-03-16 00:00:00',45,4,60),(836,'\0',27,0,0,'2013-03-16 00:00:00',43,4,58),(837,'\0',27,0,0,'2013-03-16 00:00:00',42,4,56),(838,'\0',27,0,0,'2013-03-16 00:00:00',44,4,54),(839,'\0',27,0,0,'2013-03-16 00:00:00',46,4,52),(840,'\0',27,0,0,'2013-03-16 00:00:00',48,4,50),(841,'\0',28,0,0,'2013-03-23 00:00:00',50,4,41),(842,'\0',28,0,0,'2013-03-23 00:00:00',52,4,48),(843,'\0',28,0,0,'2013-03-23 00:00:00',54,4,46),(844,'\0',28,0,0,'2013-03-23 00:00:00',56,4,44),(845,'\0',28,0,0,'2013-03-23 00:00:00',58,4,42),(846,'\0',28,0,0,'2013-03-23 00:00:00',60,4,43),(847,'\0',28,0,0,'2013-03-23 00:00:00',59,4,45),(848,'\0',28,0,0,'2013-03-23 00:00:00',57,4,47),(849,'\0',28,0,0,'2013-03-23 00:00:00',55,4,49),(850,'\0',28,0,0,'2013-03-23 00:00:00',53,4,51),(851,'\0',29,0,0,'2013-03-30 00:00:00',41,4,51),(852,'\0',29,0,0,'2013-03-30 00:00:00',49,4,53),(853,'\0',29,0,0,'2013-03-30 00:00:00',47,4,55),(854,'\0',29,0,0,'2013-03-30 00:00:00',45,4,57),(855,'\0',29,0,0,'2013-03-30 00:00:00',43,4,59),(856,'\0',29,0,0,'2013-03-30 00:00:00',42,4,60),(857,'\0',29,0,0,'2013-03-30 00:00:00',44,4,58),(858,'\0',29,0,0,'2013-03-30 00:00:00',46,4,56),(859,'\0',29,0,0,'2013-03-30 00:00:00',48,4,54),(860,'\0',29,0,0,'2013-03-30 00:00:00',50,4,52),(861,'\0',30,0,0,'2013-04-06 00:00:00',52,4,41),(862,'\0',30,0,0,'2013-04-06 00:00:00',54,4,50),(863,'\0',30,0,0,'2013-04-06 00:00:00',56,4,48),(864,'\0',30,0,0,'2013-04-06 00:00:00',58,4,46),(865,'\0',30,0,0,'2013-04-06 00:00:00',60,4,44),(866,'\0',30,0,0,'2013-04-06 00:00:00',59,4,42),(867,'\0',30,0,0,'2013-04-06 00:00:00',57,4,43),(868,'\0',30,0,0,'2013-04-06 00:00:00',55,4,45),(869,'\0',30,0,0,'2013-04-06 00:00:00',53,4,47),(870,'\0',30,0,0,'2013-04-06 00:00:00',51,4,49),(871,'\0',31,0,0,'2013-04-13 00:00:00',41,4,49),(872,'\0',31,0,0,'2013-04-13 00:00:00',47,4,51),(873,'\0',31,0,0,'2013-04-13 00:00:00',45,4,53),(874,'\0',31,0,0,'2013-04-13 00:00:00',43,4,55),(875,'\0',31,0,0,'2013-04-13 00:00:00',42,4,57),(876,'\0',31,0,0,'2013-04-13 00:00:00',44,4,59),(877,'\0',31,0,0,'2013-04-13 00:00:00',46,4,60),(878,'\0',31,0,0,'2013-04-13 00:00:00',48,4,58),(879,'\0',31,0,0,'2013-04-13 00:00:00',50,4,56),(880,'\0',31,0,0,'2013-04-13 00:00:00',52,4,54),(881,'\0',32,0,0,'2013-04-20 00:00:00',54,4,41),(882,'\0',32,0,0,'2013-04-20 00:00:00',56,4,52),(883,'\0',32,0,0,'2013-04-20 00:00:00',58,4,50),(884,'\0',32,0,0,'2013-04-20 00:00:00',60,4,48),(885,'\0',32,0,0,'2013-04-20 00:00:00',59,4,46),(886,'\0',32,0,0,'2013-04-20 00:00:00',57,4,44),(887,'\0',32,0,0,'2013-04-20 00:00:00',55,4,42),(888,'\0',32,0,0,'2013-04-20 00:00:00',53,4,43),(889,'\0',32,0,0,'2013-04-20 00:00:00',51,4,45),(890,'\0',32,0,0,'2013-04-20 00:00:00',49,4,47),(891,'\0',33,0,0,'2013-04-27 00:00:00',41,4,47),(892,'\0',33,0,0,'2013-04-27 00:00:00',45,4,49),(893,'\0',33,0,0,'2013-04-27 00:00:00',43,4,51),(894,'\0',33,0,0,'2013-04-27 00:00:00',42,4,53),(895,'\0',33,0,0,'2013-04-27 00:00:00',44,4,55),(896,'\0',33,0,0,'2013-04-27 00:00:00',46,4,57),(897,'\0',33,0,0,'2013-04-27 00:00:00',48,4,59),(898,'\0',33,0,0,'2013-04-27 00:00:00',50,4,60),(899,'\0',33,0,0,'2013-04-27 00:00:00',52,4,58),(900,'\0',33,0,0,'2013-04-27 00:00:00',54,4,56),(901,'\0',34,0,0,'2013-05-04 00:00:00',56,4,41),(902,'\0',34,0,0,'2013-05-04 00:00:00',58,4,54),(903,'\0',34,0,0,'2013-05-04 00:00:00',60,4,52),(904,'\0',34,0,0,'2013-05-04 00:00:00',59,4,50),(905,'\0',34,0,0,'2013-05-04 00:00:00',57,4,48),(906,'\0',34,0,0,'2013-05-04 00:00:00',55,4,46),(907,'\0',34,0,0,'2013-05-04 00:00:00',53,4,44),(908,'\0',34,0,0,'2013-05-04 00:00:00',51,4,42),(909,'\0',34,0,0,'2013-05-04 00:00:00',49,4,43),(910,'\0',34,0,0,'2013-05-04 00:00:00',47,4,45),(911,'\0',35,0,0,'2013-05-11 00:00:00',41,4,45),(912,'\0',35,0,0,'2013-05-11 00:00:00',43,4,47),(913,'\0',35,0,0,'2013-05-11 00:00:00',42,4,49),(914,'\0',35,0,0,'2013-05-11 00:00:00',44,4,51),(915,'\0',35,0,0,'2013-05-11 00:00:00',46,4,53),(916,'\0',35,0,0,'2013-05-11 00:00:00',48,4,55),(917,'\0',35,0,0,'2013-05-11 00:00:00',50,4,57),(918,'\0',35,0,0,'2013-05-11 00:00:00',52,4,59),(919,'\0',35,0,0,'2013-05-11 00:00:00',54,4,60),(920,'\0',35,0,0,'2013-05-11 00:00:00',56,4,58),(921,'\0',36,0,0,'2013-05-18 00:00:00',58,4,41),(922,'\0',36,0,0,'2013-05-18 00:00:00',60,4,56),(923,'\0',36,0,0,'2013-05-18 00:00:00',59,4,54),(924,'\0',36,0,0,'2013-05-18 00:00:00',57,4,52),(925,'\0',36,0,0,'2013-05-18 00:00:00',55,4,50),(926,'\0',36,0,0,'2013-05-18 00:00:00',53,4,48),(927,'\0',36,0,0,'2013-05-18 00:00:00',51,4,46),(928,'\0',36,0,0,'2013-05-18 00:00:00',49,4,44),(929,'\0',36,0,0,'2013-05-18 00:00:00',47,4,42),(930,'\0',36,0,0,'2013-05-18 00:00:00',45,4,43),(931,'\0',37,0,0,'2013-05-25 00:00:00',41,4,43),(932,'\0',37,0,0,'2013-05-25 00:00:00',42,4,45),(933,'\0',37,0,0,'2013-05-25 00:00:00',44,4,47),(934,'\0',37,0,0,'2013-05-25 00:00:00',46,4,49),(935,'\0',37,0,0,'2013-05-25 00:00:00',48,4,51),(936,'\0',37,0,0,'2013-05-25 00:00:00',50,4,53),(937,'\0',37,0,0,'2013-05-25 00:00:00',52,4,55),(938,'\0',37,0,0,'2013-05-25 00:00:00',54,4,57),(939,'\0',37,0,0,'2013-05-25 00:00:00',56,4,59),(940,'\0',37,0,0,'2013-05-25 00:00:00',58,4,60),(941,'\0',38,0,0,'2013-06-01 00:00:00',60,4,41),(942,'\0',38,0,0,'2013-06-01 00:00:00',59,4,58),(943,'\0',38,0,0,'2013-06-01 00:00:00',57,4,56),(944,'\0',38,0,0,'2013-06-01 00:00:00',55,4,54),(945,'\0',38,0,0,'2013-06-01 00:00:00',53,4,52),(946,'\0',38,0,0,'2013-06-01 00:00:00',51,4,50),(947,'\0',38,0,0,'2013-06-01 00:00:00',49,4,48),(948,'\0',38,0,0,'2013-06-01 00:00:00',47,4,46),(949,'\0',38,0,0,'2013-06-01 00:00:00',45,4,44),(950,'\0',38,0,0,'2013-06-01 00:00:00',43,4,42),(951,'\0',1,1,1,'2012-08-11 12:00:00',61,5,62),(952,'',1,3,2,'2012-08-11 12:00:00',63,5,64),(953,'\0',1,0,0,'2012-08-11 12:00:00',65,5,66),(954,'\0',1,0,0,'2012-08-11 12:00:00',67,5,68),(955,'',1,1,0,'2012-08-11 12:00:00',69,5,70),(956,'\0',1,0,0,'2012-08-11 12:00:00',71,5,72),(957,'\0',1,0,0,'2012-08-11 12:00:00',73,5,74),(958,'\0',1,0,0,'2012-08-11 12:00:00',75,5,76),(959,'',1,1,0,'2012-08-11 12:00:00',77,5,78),(960,'',2,0,2,'2012-08-18 12:00:00',77,5,61),(961,'',2,2,0,'2012-08-18 12:00:00',78,5,75),(962,'',2,1,2,'2012-08-18 12:00:00',76,5,73),(963,'',2,1,1,'2012-08-18 12:00:00',74,5,71),(964,'',2,2,1,'2012-08-18 12:00:00',72,5,69),(965,'',2,1,0,'2012-08-18 12:00:00',70,5,67),(966,'',2,0,2,'2012-08-18 12:00:00',68,5,65),(967,'',2,2,0,'2012-08-18 12:00:00',66,5,63),(968,'',2,0,0,'2012-08-18 12:00:00',64,5,62),(969,'',3,1,3,'2012-08-25 12:00:00',61,5,64),(970,'',3,0,2,'2012-08-25 12:00:00',62,5,66),(971,'',3,1,0,'2012-08-25 12:00:00',63,5,68),(972,'',3,1,0,'2012-08-25 12:00:00',65,5,70),(973,'',3,1,0,'2012-08-25 12:00:00',67,5,72),(974,'',3,0,3,'2012-08-25 12:00:00',69,5,74),(975,'',3,4,2,'2012-08-25 12:00:00',71,5,76),(976,'',3,2,0,'2012-08-25 12:00:00',73,5,78),(977,'',3,2,1,'2012-08-25 12:00:00',75,5,77),(978,'',4,1,1,'2012-09-01 12:00:00',75,5,61),(979,'',4,0,1,'2012-09-01 12:00:00',77,5,73),(980,'',4,1,0,'2012-09-01 12:00:00',78,5,71),(981,'',4,0,2,'2012-09-01 12:00:00',76,5,69),(982,'',4,0,1,'2012-09-01 12:00:00',74,5,67),(983,'',4,3,0,'2012-09-01 12:00:00',72,5,65),(984,'',4,1,1,'2012-09-01 12:00:00',70,5,63),(985,'',4,2,0,'2012-09-01 12:00:00',68,5,62),(986,'',4,2,0,'2012-09-01 12:00:00',66,5,64),(987,'\0',5,0,0,'2012-09-08 00:00:00',61,5,66),(988,'\0',5,0,0,'2012-09-08 00:00:00',64,5,68),(989,'\0',5,0,0,'2012-09-08 00:00:00',62,5,70),(990,'\0',5,0,0,'2012-09-08 00:00:00',63,5,72),(991,'\0',5,0,0,'2012-09-08 00:00:00',65,5,74),(992,'\0',5,0,0,'2012-09-08 00:00:00',67,5,76),(993,'\0',5,0,0,'2012-09-08 00:00:00',69,5,78),(994,'\0',5,0,0,'2012-09-08 00:00:00',71,5,77),(995,'\0',5,0,0,'2012-09-08 00:00:00',73,5,75),(996,'\0',6,0,0,'2012-09-15 00:00:00',73,5,61),(997,'\0',6,0,0,'2012-09-15 00:00:00',75,5,71),(998,'\0',6,0,0,'2012-09-15 00:00:00',77,5,69),(999,'\0',6,0,0,'2012-09-15 00:00:00',78,5,67),(1000,'\0',6,0,0,'2012-09-15 00:00:00',76,5,65),(1001,'\0',6,0,0,'2012-09-15 00:00:00',74,5,63),(1002,'\0',6,0,0,'2012-09-15 00:00:00',72,5,62),(1003,'\0',6,0,0,'2012-09-15 00:00:00',70,5,64),(1004,'\0',6,0,0,'2012-09-15 00:00:00',68,5,66),(1005,'\0',7,0,0,'2012-09-22 00:00:00',61,5,68),(1006,'\0',7,0,0,'2012-09-22 00:00:00',66,5,70),(1007,'\0',7,0,0,'2012-09-22 00:00:00',64,5,72),(1008,'\0',7,0,0,'2012-09-22 00:00:00',62,5,74),(1009,'\0',7,0,0,'2012-09-22 00:00:00',63,5,76),(1010,'\0',7,0,0,'2012-09-22 00:00:00',65,5,78),(1011,'\0',7,0,0,'2012-09-22 00:00:00',67,5,77),(1012,'\0',7,0,0,'2012-09-22 00:00:00',69,5,75),(1013,'\0',7,0,0,'2012-09-22 00:00:00',71,5,73),(1014,'\0',8,0,0,'2012-09-29 00:00:00',71,5,61),(1015,'\0',8,0,0,'2012-09-29 00:00:00',73,5,69),(1016,'\0',8,0,0,'2012-09-29 00:00:00',75,5,67),(1017,'\0',8,0,0,'2012-09-29 00:00:00',77,5,65),(1018,'\0',8,0,0,'2012-09-29 00:00:00',78,5,63),(1019,'\0',8,0,0,'2012-09-29 00:00:00',76,5,62),(1020,'\0',8,0,0,'2012-09-29 00:00:00',74,5,64),(1021,'\0',8,0,0,'2012-09-29 00:00:00',72,5,66),(1022,'\0',8,0,0,'2012-09-29 00:00:00',70,5,68),(1023,'\0',9,0,0,'2012-10-06 00:00:00',61,5,70),(1024,'\0',9,0,0,'2012-10-06 00:00:00',68,5,72),(1025,'\0',9,0,0,'2012-10-06 00:00:00',66,5,74),(1026,'\0',9,0,0,'2012-10-06 00:00:00',64,5,76),(1027,'\0',9,0,0,'2012-10-06 00:00:00',62,5,78),(1028,'\0',9,0,0,'2012-10-06 00:00:00',63,5,77),(1029,'\0',9,0,0,'2012-10-06 00:00:00',65,5,75),(1030,'\0',9,0,0,'2012-10-06 00:00:00',67,5,73),(1031,'\0',9,0,0,'2012-10-06 00:00:00',69,5,71),(1032,'\0',10,0,0,'2012-10-13 00:00:00',69,5,61),(1033,'\0',10,0,0,'2012-10-13 00:00:00',71,5,67),(1034,'\0',10,0,0,'2012-10-13 00:00:00',73,5,65),(1035,'\0',10,0,0,'2012-10-13 00:00:00',75,5,63),(1036,'\0',10,0,0,'2012-10-13 00:00:00',77,5,62),(1037,'\0',10,0,0,'2012-10-13 00:00:00',78,5,64),(1038,'\0',10,0,0,'2012-10-13 00:00:00',76,5,66),(1039,'\0',10,0,0,'2012-10-13 00:00:00',74,5,68),(1040,'\0',10,0,0,'2012-10-13 00:00:00',72,5,70),(1041,'\0',11,0,0,'2012-10-20 00:00:00',61,5,72),(1042,'\0',11,0,0,'2012-10-20 00:00:00',70,5,74),(1043,'\0',11,0,0,'2012-10-20 00:00:00',68,5,76),(1044,'\0',11,0,0,'2012-10-20 00:00:00',66,5,78),(1045,'\0',11,0,0,'2012-10-20 00:00:00',64,5,77),(1046,'\0',11,0,0,'2012-10-20 00:00:00',62,5,75),(1047,'\0',11,0,0,'2012-10-20 00:00:00',63,5,73),(1048,'\0',11,0,0,'2012-10-20 00:00:00',65,5,71),(1049,'\0',11,0,0,'2012-10-20 00:00:00',67,5,69),(1050,'\0',12,0,0,'2012-10-27 00:00:00',67,5,61),(1051,'\0',12,0,0,'2012-10-27 00:00:00',69,5,65),(1052,'\0',12,0,0,'2012-10-27 00:00:00',71,5,63),(1053,'\0',12,0,0,'2012-10-27 00:00:00',73,5,62),(1054,'\0',12,0,0,'2012-10-27 00:00:00',75,5,64),(1055,'\0',12,0,0,'2012-10-27 00:00:00',77,5,66),(1056,'\0',12,0,0,'2012-10-27 00:00:00',78,5,68),(1057,'\0',12,0,0,'2012-10-27 00:00:00',76,5,70),(1058,'\0',12,0,0,'2012-10-27 00:00:00',74,5,72),(1059,'\0',13,0,0,'2012-11-03 00:00:00',61,5,74),(1060,'\0',13,0,0,'2012-11-03 00:00:00',72,5,76),(1061,'\0',13,0,0,'2012-11-03 00:00:00',70,5,78),(1062,'\0',13,0,0,'2012-11-03 00:00:00',68,5,77),(1063,'\0',13,0,0,'2012-11-03 00:00:00',66,5,75),(1064,'\0',13,0,0,'2012-11-03 00:00:00',64,5,73),(1065,'\0',13,0,0,'2012-11-03 00:00:00',62,5,71),(1066,'\0',13,0,0,'2012-11-03 00:00:00',63,5,69),(1067,'\0',13,0,0,'2012-11-03 00:00:00',65,5,67),(1068,'\0',14,0,0,'2012-11-10 00:00:00',65,5,61),(1069,'\0',14,0,0,'2012-11-10 00:00:00',67,5,63),(1070,'\0',14,0,0,'2012-11-10 00:00:00',69,5,62),(1071,'\0',14,0,0,'2012-11-10 00:00:00',71,5,64),(1072,'\0',14,0,0,'2012-11-10 00:00:00',73,5,66),(1073,'\0',14,0,0,'2012-11-10 00:00:00',75,5,68),(1074,'\0',14,0,0,'2012-11-10 00:00:00',77,5,70),(1075,'\0',14,0,0,'2012-11-10 00:00:00',78,5,72),(1076,'\0',14,0,0,'2012-11-10 00:00:00',76,5,74),(1077,'\0',15,0,0,'2012-11-17 00:00:00',61,5,76),(1078,'\0',15,0,0,'2012-11-17 00:00:00',74,5,78),(1079,'\0',15,0,0,'2012-11-17 00:00:00',72,5,77),(1080,'\0',15,0,0,'2012-11-17 00:00:00',70,5,75),(1081,'\0',15,0,0,'2012-11-17 00:00:00',68,5,73),(1082,'\0',15,0,0,'2012-11-17 00:00:00',66,5,71),(1083,'\0',15,0,0,'2012-11-17 00:00:00',64,5,69),(1084,'\0',15,0,0,'2012-11-17 00:00:00',62,5,67),(1085,'\0',15,0,0,'2012-11-17 00:00:00',63,5,65),(1086,'\0',16,0,0,'2012-11-24 00:00:00',63,5,61),(1087,'\0',16,0,0,'2012-11-24 00:00:00',65,5,62),(1088,'\0',16,0,0,'2012-11-24 00:00:00',67,5,64),(1089,'\0',16,0,0,'2012-11-24 00:00:00',69,5,66),(1090,'\0',16,0,0,'2012-11-24 00:00:00',71,5,68),(1091,'\0',16,0,0,'2012-11-24 00:00:00',73,5,70),(1092,'\0',16,0,0,'2012-11-24 00:00:00',75,5,72),(1093,'\0',16,0,0,'2012-11-24 00:00:00',77,5,74),(1094,'\0',16,0,0,'2012-11-24 00:00:00',78,5,76),(1095,'\0',17,0,0,'2012-12-01 00:00:00',61,5,78),(1096,'\0',17,0,0,'2012-12-01 00:00:00',76,5,77),(1097,'\0',17,0,0,'2012-12-01 00:00:00',74,5,75),(1098,'\0',17,0,0,'2012-12-01 00:00:00',72,5,73),(1099,'\0',17,0,0,'2012-12-01 00:00:00',70,5,71),(1100,'\0',17,0,0,'2012-12-01 00:00:00',68,5,69),(1101,'\0',17,0,0,'2012-12-01 00:00:00',66,5,67),(1102,'\0',17,0,0,'2012-12-01 00:00:00',64,5,65),(1103,'\0',17,0,0,'2012-12-01 00:00:00',62,5,63),(1104,'\0',18,0,0,'2012-12-08 00:00:00',62,5,61),(1105,'\0',18,0,0,'2012-12-08 00:00:00',64,5,63),(1106,'\0',18,0,0,'2012-12-08 00:00:00',66,5,65),(1107,'\0',18,0,0,'2012-12-08 00:00:00',68,5,67),(1108,'\0',18,0,0,'2012-12-08 00:00:00',70,5,69),(1109,'\0',18,0,0,'2012-12-08 00:00:00',72,5,71),(1110,'\0',18,0,0,'2012-12-08 00:00:00',74,5,73),(1111,'\0',18,0,0,'2012-12-08 00:00:00',76,5,75),(1112,'\0',18,0,0,'2012-12-08 00:00:00',78,5,77),(1113,'\0',19,0,0,'2012-12-15 00:00:00',61,5,77),(1114,'\0',19,0,0,'2012-12-15 00:00:00',75,5,78),(1115,'\0',19,0,0,'2012-12-15 00:00:00',73,5,76),(1116,'\0',19,0,0,'2012-12-15 00:00:00',71,5,74),(1117,'\0',19,0,0,'2012-12-15 00:00:00',69,5,72),(1118,'\0',19,0,0,'2012-12-15 00:00:00',67,5,70),(1119,'\0',19,0,0,'2012-12-15 00:00:00',65,5,68),(1120,'\0',19,0,0,'2012-12-15 00:00:00',63,5,66),(1121,'\0',19,0,0,'2012-12-15 00:00:00',62,5,64),(1122,'\0',20,0,0,'2013-02-16 00:00:00',64,5,61),(1123,'\0',20,0,0,'2013-02-16 00:00:00',66,5,62),(1124,'\0',20,0,0,'2013-02-16 00:00:00',68,5,63),(1125,'\0',20,0,0,'2013-02-16 00:00:00',70,5,65),(1126,'\0',20,0,0,'2013-02-16 00:00:00',72,5,67),(1127,'\0',20,0,0,'2013-02-16 00:00:00',74,5,69),(1128,'\0',20,0,0,'2013-02-16 00:00:00',76,5,71),(1129,'\0',20,0,0,'2013-02-16 00:00:00',78,5,73),(1130,'\0',20,0,0,'2013-02-16 00:00:00',77,5,75),(1131,'\0',21,0,0,'2013-02-23 00:00:00',61,5,75),(1132,'\0',21,0,0,'2013-02-23 00:00:00',73,5,77),(1133,'\0',21,0,0,'2013-02-23 00:00:00',71,5,78),(1134,'\0',21,0,0,'2013-02-23 00:00:00',69,5,76),(1135,'\0',21,0,0,'2013-02-23 00:00:00',67,5,74),(1136,'\0',21,0,0,'2013-02-23 00:00:00',65,5,72),(1137,'\0',21,0,0,'2013-02-23 00:00:00',63,5,70),(1138,'\0',21,0,0,'2013-02-23 00:00:00',62,5,68),(1139,'\0',21,0,0,'2013-02-23 00:00:00',64,5,66),(1140,'\0',22,0,0,'2013-03-02 00:00:00',66,5,61),(1141,'\0',22,0,0,'2013-03-02 00:00:00',68,5,64),(1142,'\0',22,0,0,'2013-03-02 00:00:00',70,5,62),(1143,'\0',22,0,0,'2013-03-02 00:00:00',72,5,63),(1144,'\0',22,0,0,'2013-03-02 00:00:00',74,5,65),(1145,'\0',22,0,0,'2013-03-02 00:00:00',76,5,67),(1146,'\0',22,0,0,'2013-03-02 00:00:00',78,5,69),(1147,'\0',22,0,0,'2013-03-02 00:00:00',77,5,71),(1148,'\0',22,0,0,'2013-03-02 00:00:00',75,5,73),(1149,'\0',23,0,0,'2013-03-09 00:00:00',61,5,73),(1150,'\0',23,0,0,'2013-03-09 00:00:00',71,5,75),(1151,'\0',23,0,0,'2013-03-09 00:00:00',69,5,77),(1152,'\0',23,0,0,'2013-03-09 00:00:00',67,5,78),(1153,'\0',23,0,0,'2013-03-09 00:00:00',65,5,76),(1154,'\0',23,0,0,'2013-03-09 00:00:00',63,5,74),(1155,'\0',23,0,0,'2013-03-09 00:00:00',62,5,72),(1156,'\0',23,0,0,'2013-03-09 00:00:00',64,5,70),(1157,'\0',23,0,0,'2013-03-09 00:00:00',66,5,68),(1158,'\0',24,0,0,'2013-03-16 00:00:00',68,5,61),(1159,'\0',24,0,0,'2013-03-16 00:00:00',70,5,66),(1160,'\0',24,0,0,'2013-03-16 00:00:00',72,5,64),(1161,'\0',24,0,0,'2013-03-16 00:00:00',74,5,62),(1162,'\0',24,0,0,'2013-03-16 00:00:00',76,5,63),(1163,'\0',24,0,0,'2013-03-16 00:00:00',78,5,65),(1164,'\0',24,0,0,'2013-03-16 00:00:00',77,5,67),(1165,'\0',24,0,0,'2013-03-16 00:00:00',75,5,69),(1166,'\0',24,0,0,'2013-03-16 00:00:00',73,5,71),(1167,'\0',25,0,0,'2013-03-23 00:00:00',61,5,71),(1168,'\0',25,0,0,'2013-03-23 00:00:00',69,5,73),(1169,'\0',25,0,0,'2013-03-23 00:00:00',67,5,75),(1170,'\0',25,0,0,'2013-03-23 00:00:00',65,5,77),(1171,'\0',25,0,0,'2013-03-23 00:00:00',63,5,78),(1172,'\0',25,0,0,'2013-03-23 00:00:00',62,5,76),(1173,'\0',25,0,0,'2013-03-23 00:00:00',64,5,74),(1174,'\0',25,0,0,'2013-03-23 00:00:00',66,5,72),(1175,'\0',25,0,0,'2013-03-23 00:00:00',68,5,70),(1176,'\0',26,0,0,'2013-03-30 00:00:00',70,5,61),(1177,'\0',26,0,0,'2013-03-30 00:00:00',72,5,68),(1178,'\0',26,0,0,'2013-03-30 00:00:00',74,5,66),(1179,'\0',26,0,0,'2013-03-30 00:00:00',76,5,64),(1180,'\0',26,0,0,'2013-03-30 00:00:00',78,5,62),(1181,'\0',26,0,0,'2013-03-30 00:00:00',77,5,63),(1182,'\0',26,0,0,'2013-03-30 00:00:00',75,5,65),(1183,'\0',26,0,0,'2013-03-30 00:00:00',73,5,67),(1184,'\0',26,0,0,'2013-03-30 00:00:00',71,5,69),(1185,'\0',27,0,0,'2013-04-06 00:00:00',61,5,69),(1186,'\0',27,0,0,'2013-04-06 00:00:00',67,5,71),(1187,'\0',27,0,0,'2013-04-06 00:00:00',65,5,73),(1188,'\0',27,0,0,'2013-04-06 00:00:00',63,5,75),(1189,'\0',27,0,0,'2013-04-06 00:00:00',62,5,77),(1190,'\0',27,0,0,'2013-04-06 00:00:00',64,5,78),(1191,'\0',27,0,0,'2013-04-06 00:00:00',66,5,76),(1192,'\0',27,0,0,'2013-04-06 00:00:00',68,5,74),(1193,'\0',27,0,0,'2013-04-06 00:00:00',70,5,72),(1194,'\0',28,0,0,'2013-04-13 00:00:00',72,5,61),(1195,'\0',28,0,0,'2013-04-13 00:00:00',74,5,70),(1196,'\0',28,0,0,'2013-04-13 00:00:00',76,5,68),(1197,'\0',28,0,0,'2013-04-13 00:00:00',78,5,66),(1198,'\0',28,0,0,'2013-04-13 00:00:00',77,5,64),(1199,'\0',28,0,0,'2013-04-13 00:00:00',75,5,62),(1200,'\0',28,0,0,'2013-04-13 00:00:00',73,5,63),(1201,'\0',28,0,0,'2013-04-13 00:00:00',71,5,65),(1202,'\0',28,0,0,'2013-04-13 00:00:00',69,5,67),(1203,'\0',29,0,0,'2013-04-20 00:00:00',61,5,67),(1204,'\0',29,0,0,'2013-04-20 00:00:00',65,5,69),(1205,'\0',29,0,0,'2013-04-20 00:00:00',63,5,71),(1206,'\0',29,0,0,'2013-04-20 00:00:00',62,5,73),(1207,'\0',29,0,0,'2013-04-20 00:00:00',64,5,75),(1208,'\0',29,0,0,'2013-04-20 00:00:00',66,5,77),(1209,'\0',29,0,0,'2013-04-20 00:00:00',68,5,78),(1210,'\0',29,0,0,'2013-04-20 00:00:00',70,5,76),(1211,'\0',29,0,0,'2013-04-20 00:00:00',72,5,74),(1212,'\0',30,0,0,'2013-04-27 00:00:00',74,5,61),(1213,'\0',30,0,0,'2013-04-27 00:00:00',76,5,72),(1214,'\0',30,0,0,'2013-04-27 00:00:00',78,5,70),(1215,'\0',30,0,0,'2013-04-27 00:00:00',77,5,68),(1216,'\0',30,0,0,'2013-04-27 00:00:00',75,5,66),(1217,'\0',30,0,0,'2013-04-27 00:00:00',73,5,64),(1218,'\0',30,0,0,'2013-04-27 00:00:00',71,5,62),(1219,'\0',30,0,0,'2013-04-27 00:00:00',69,5,63),(1220,'\0',30,0,0,'2013-04-27 00:00:00',67,5,65),(1221,'\0',31,0,0,'2013-05-04 00:00:00',61,5,65),(1222,'\0',31,0,0,'2013-05-04 00:00:00',63,5,67),(1223,'\0',31,0,0,'2013-05-04 00:00:00',62,5,69),(1224,'\0',31,0,0,'2013-05-04 00:00:00',64,5,71),(1225,'\0',31,0,0,'2013-05-04 00:00:00',66,5,73),(1226,'\0',31,0,0,'2013-05-04 00:00:00',68,5,75),(1227,'\0',31,0,0,'2013-05-04 00:00:00',70,5,77),(1228,'\0',31,0,0,'2013-05-04 00:00:00',72,5,78),(1229,'\0',31,0,0,'2013-05-04 00:00:00',74,5,76),(1230,'\0',32,0,0,'2013-05-11 00:00:00',76,5,61),(1231,'\0',32,0,0,'2013-05-11 00:00:00',78,5,74),(1232,'\0',32,0,0,'2013-05-11 00:00:00',77,5,72),(1233,'\0',32,0,0,'2013-05-11 00:00:00',75,5,70),(1234,'\0',32,0,0,'2013-05-11 00:00:00',73,5,68),(1235,'\0',32,0,0,'2013-05-11 00:00:00',71,5,66),(1236,'\0',32,0,0,'2013-05-11 00:00:00',69,5,64),(1237,'\0',32,0,0,'2013-05-11 00:00:00',67,5,62),(1238,'\0',32,0,0,'2013-05-11 00:00:00',65,5,63),(1239,'\0',33,0,0,'2013-05-18 00:00:00',61,5,63),(1240,'\0',33,0,0,'2013-05-18 00:00:00',62,5,65),(1241,'\0',33,0,0,'2013-05-18 00:00:00',64,5,67),(1242,'\0',33,0,0,'2013-05-18 00:00:00',66,5,69),(1243,'\0',33,0,0,'2013-05-18 00:00:00',68,5,71),(1244,'\0',33,0,0,'2013-05-18 00:00:00',70,5,73),(1245,'\0',33,0,0,'2013-05-18 00:00:00',72,5,75),(1246,'\0',33,0,0,'2013-05-18 00:00:00',74,5,77),(1247,'\0',33,0,0,'2013-05-18 00:00:00',76,5,78),(1248,'\0',34,0,0,'2013-05-25 00:00:00',78,5,61),(1249,'\0',34,0,0,'2013-05-25 00:00:00',77,5,76),(1250,'\0',34,0,0,'2013-05-25 00:00:00',75,5,74),(1251,'\0',34,0,0,'2013-05-25 00:00:00',73,5,72),(1252,'\0',34,0,0,'2013-05-25 00:00:00',71,5,70),(1253,'\0',34,0,0,'2013-05-25 00:00:00',69,5,68),(1254,'\0',34,0,0,'2013-05-25 00:00:00',67,5,66),(1255,'\0',34,0,0,'2013-05-25 00:00:00',65,5,64),(1256,'\0',34,0,0,'2013-05-25 00:00:00',63,5,62),(1677,'',1,0,0,'2012-08-04 12:00:00',80,6,81),(1678,'',1,0,2,'2012-08-04 12:00:00',82,6,83),(1679,'',1,1,0,'2012-08-04 12:00:00',84,6,85),(1680,'',1,2,3,'2012-08-04 12:00:00',86,6,87),(1681,'',1,2,2,'2012-08-04 12:00:00',88,6,89),(1682,'',1,3,0,'2012-08-04 12:00:00',90,6,91),(1683,'',1,0,0,'2012-08-04 12:00:00',92,6,93),(1684,'',1,2,2,'2012-08-04 12:00:00',94,6,95),(1685,'',1,4,0,'2012-08-04 12:00:00',96,6,97),(1686,'',1,1,1,'2012-08-04 12:00:00',98,6,99),(1687,'',2,1,1,'2012-08-12 11:00:00',99,6,96),(1688,'',2,1,2,'2012-08-11 01:00:00',97,6,94),(1689,'',2,0,2,'2012-08-10 03:30:00',95,6,92),(1690,'',2,1,1,'2012-08-11 03:30:00',93,6,90),(1691,'\0',2,0,0,'2012-08-21 03:00:00',91,6,88),(1692,'\0',2,0,0,'2012-08-21 09:00:00',89,6,86),(1693,'',2,0,0,'2012-08-12 03:30:00',87,6,84),(1694,'',2,0,0,'2012-08-10 09:00:00',85,6,82),(1695,'',2,1,3,'2012-08-10 03:30:00',83,6,80),(1696,'',2,3,0,'2012-08-12 03:30:00',81,6,79),(1697,'',3,1,0,'2012-08-18 12:00:00',79,6,83),(1698,'',3,3,0,'2012-08-18 12:00:00',80,6,85),(1699,'',3,1,3,'2012-08-18 12:00:00',82,6,87),(1700,'',3,2,1,'2012-08-18 12:00:00',84,6,89),(1701,'',3,1,0,'2012-08-18 12:00:00',86,6,91),(1702,'',3,0,1,'2012-08-18 12:00:00',88,6,93),(1703,'',3,1,1,'2012-08-18 12:00:00',90,6,95),(1704,'',3,0,0,'2012-08-18 12:00:00',92,6,97),(1705,'',3,0,0,'2012-08-18 12:00:00',94,6,99),(1706,'',3,0,0,'2012-08-18 12:00:00',96,6,98),(1707,'',4,0,1,'2012-08-25 12:00:00',98,6,94),(1708,'',4,2,2,'2012-08-25 12:00:00',99,6,92),(1709,'',4,2,2,'2012-08-25 12:00:00',97,6,90),(1710,'',4,3,0,'2012-08-25 12:00:00',95,6,88),(1711,'',4,0,0,'2012-08-25 12:00:00',93,6,86),(1712,'',4,1,1,'2012-08-25 12:00:00',91,6,84),(1713,'',4,1,1,'2012-08-25 12:00:00',89,6,82),(1714,'',4,3,1,'2012-08-25 12:00:00',87,6,80),(1715,'',4,3,1,'2012-08-25 12:00:00',85,6,79),(1716,'',4,1,1,'2012-08-25 12:00:00',83,6,81),(1717,'',5,0,0,'2012-09-01 12:00:00',81,6,85),(1718,'\0',5,0,0,'2012-09-01 12:00:00',79,6,87),(1719,'',5,3,2,'2012-09-01 12:00:00',80,6,89),(1720,'',5,1,3,'2012-09-01 12:00:00',82,6,91),(1721,'',5,1,0,'2012-09-01 12:00:00',84,6,93),(1722,'',5,1,1,'2012-09-01 12:00:00',86,6,95),(1723,'',5,2,2,'2012-09-01 12:00:00',88,6,97),(1724,'',5,1,0,'2012-09-01 12:00:00',90,6,99),(1725,'',5,3,3,'2012-09-01 12:00:00',92,6,98),(1726,'',5,1,1,'2012-09-01 12:00:00',94,6,96),(1727,'\0',6,0,0,'2012-09-08 00:00:00',96,6,92),(1728,'\0',6,0,0,'2012-09-08 00:00:00',98,6,90),(1729,'\0',6,0,0,'2012-09-08 00:00:00',99,6,88),(1730,'\0',6,0,0,'2012-09-08 00:00:00',97,6,86),(1731,'\0',6,0,0,'2012-09-08 00:00:00',95,6,84),(1732,'\0',6,0,0,'2012-09-08 00:00:00',93,6,82),(1733,'\0',6,0,0,'2012-09-08 00:00:00',91,6,80),(1734,'\0',6,0,0,'2012-09-08 00:00:00',89,6,79),(1735,'\0',6,0,0,'2012-09-08 00:00:00',87,6,81),(1736,'\0',6,0,0,'2012-09-08 00:00:00',85,6,83),(1737,'\0',7,0,0,'2012-09-08 00:00:00',83,6,87),(1738,'\0',7,0,0,'2012-09-08 00:00:00',81,6,89),(1739,'\0',7,0,0,'2012-09-08 00:00:00',79,6,91),(1740,'\0',7,0,0,'2012-09-08 00:00:00',80,6,93),(1741,'\0',7,0,0,'2012-09-08 00:00:00',82,6,95),(1742,'\0',7,0,0,'2012-09-08 00:00:00',84,6,97),(1743,'\0',7,0,0,'2012-09-08 00:00:00',86,6,99),(1744,'\0',7,0,0,'2012-09-08 00:00:00',88,6,98),(1745,'\0',7,0,0,'2012-09-08 00:00:00',90,6,96),(1746,'\0',7,0,0,'2012-09-08 00:00:00',92,6,94),(1747,'\0',8,0,0,'2012-09-15 00:00:00',94,6,90),(1748,'\0',8,0,0,'2012-09-15 00:00:00',96,6,88),(1749,'\0',8,0,0,'2012-09-15 00:00:00',98,6,86),(1750,'\0',8,0,0,'2012-09-15 00:00:00',99,6,84),(1751,'\0',8,0,0,'2012-09-15 00:00:00',97,6,82),(1752,'\0',8,0,0,'2012-09-15 00:00:00',95,6,80),(1753,'\0',8,0,0,'2012-09-15 00:00:00',93,6,79),(1754,'\0',8,0,0,'2012-09-15 00:00:00',91,6,81),(1755,'\0',8,0,0,'2012-09-15 00:00:00',89,6,83),(1756,'\0',8,0,0,'2012-09-15 00:00:00',87,6,85),(1757,'\0',9,0,0,'2012-09-22 00:00:00',85,6,89),(1758,'\0',9,0,0,'2012-09-22 00:00:00',83,6,91),(1759,'\0',9,0,0,'2012-09-22 00:00:00',81,6,93),(1760,'\0',9,0,0,'2012-09-22 00:00:00',79,6,95),(1761,'\0',9,0,0,'2012-09-22 00:00:00',80,6,97),(1762,'\0',9,0,0,'2012-09-22 00:00:00',82,6,99),(1763,'\0',9,0,0,'2012-09-22 00:00:00',84,6,98),(1764,'\0',9,0,0,'2012-09-22 00:00:00',86,6,96),(1765,'\0',9,0,0,'2012-09-22 00:00:00',88,6,94),(1766,'\0',9,0,0,'2012-09-22 00:00:00',90,6,92),(1767,'\0',10,0,0,'2012-09-29 00:00:00',92,6,88),(1768,'\0',10,0,0,'2012-09-29 00:00:00',94,6,86),(1769,'\0',10,0,0,'2012-09-29 00:00:00',96,6,84),(1770,'\0',10,0,0,'2012-09-29 00:00:00',98,6,82),(1771,'\0',10,0,0,'2012-09-29 00:00:00',99,6,80),(1772,'\0',10,0,0,'2012-09-29 00:00:00',97,6,79),(1773,'\0',10,0,0,'2012-09-29 00:00:00',95,6,81),(1774,'\0',10,0,0,'2012-09-29 00:00:00',93,6,83),(1775,'\0',10,0,0,'2012-09-29 00:00:00',91,6,85),(1776,'\0',10,0,0,'2012-09-29 00:00:00',89,6,87),(1777,'\0',11,0,0,'2012-10-06 00:00:00',87,6,91),(1778,'\0',11,0,0,'2012-10-06 00:00:00',85,6,93),(1779,'\0',11,0,0,'2012-10-06 00:00:00',83,6,95),(1780,'\0',11,0,0,'2012-10-06 00:00:00',81,6,97),(1781,'\0',11,0,0,'2012-10-06 00:00:00',79,6,99),(1782,'\0',11,0,0,'2012-10-06 00:00:00',80,6,98),(1783,'\0',11,0,0,'2012-10-06 00:00:00',82,6,96),(1784,'\0',11,0,0,'2012-10-06 00:00:00',84,6,94),(1785,'\0',11,0,0,'2012-10-06 00:00:00',86,6,92),(1786,'\0',11,0,0,'2012-10-06 00:00:00',88,6,90),(1787,'\0',12,0,0,'2012-10-13 00:00:00',90,6,86),(1788,'\0',12,0,0,'2012-10-13 00:00:00',92,6,84),(1789,'\0',12,0,0,'2012-10-13 00:00:00',94,6,82),(1790,'\0',12,0,0,'2012-10-13 00:00:00',96,6,80),(1791,'\0',12,0,0,'2012-10-13 00:00:00',98,6,79),(1792,'\0',12,0,0,'2012-10-13 00:00:00',99,6,81),(1793,'\0',12,0,0,'2012-10-13 00:00:00',97,6,83),(1794,'\0',12,0,0,'2012-10-13 00:00:00',95,6,85),(1795,'\0',12,0,0,'2012-10-13 00:00:00',93,6,87),(1796,'\0',12,0,0,'2012-10-13 00:00:00',91,6,89),(1797,'\0',13,0,0,'2012-10-20 00:00:00',89,6,93),(1798,'\0',13,0,0,'2012-10-20 00:00:00',87,6,95),(1799,'\0',13,0,0,'2012-10-20 00:00:00',85,6,97),(1800,'\0',13,0,0,'2012-10-20 00:00:00',83,6,99),(1801,'\0',13,0,0,'2012-10-20 00:00:00',81,6,98),(1802,'\0',13,0,0,'2012-10-20 00:00:00',79,6,96),(1803,'\0',13,0,0,'2012-10-20 00:00:00',80,6,94),(1804,'\0',13,0,0,'2012-10-20 00:00:00',82,6,92),(1805,'\0',13,0,0,'2012-10-20 00:00:00',84,6,90),(1806,'\0',13,0,0,'2012-10-20 00:00:00',86,6,88),(1807,'\0',14,0,0,'2012-10-20 00:00:00',88,6,84),(1808,'\0',14,0,0,'2012-10-20 00:00:00',90,6,82),(1809,'\0',14,0,0,'2012-10-20 00:00:00',92,6,80),(1810,'\0',14,0,0,'2012-10-20 00:00:00',94,6,79),(1811,'\0',14,0,0,'2012-10-20 00:00:00',96,6,81),(1812,'\0',14,0,0,'2012-10-20 00:00:00',98,6,83),(1813,'\0',14,0,0,'2012-10-20 00:00:00',99,6,85),(1814,'\0',14,0,0,'2012-10-20 00:00:00',97,6,87),(1815,'\0',14,0,0,'2012-10-20 00:00:00',95,6,89),(1816,'\0',14,0,0,'2012-10-20 00:00:00',93,6,91),(1817,'\0',15,0,0,'2012-10-27 00:00:00',91,6,95),(1818,'\0',15,0,0,'2012-10-27 00:00:00',89,6,97),(1819,'\0',15,0,0,'2012-10-27 00:00:00',87,6,99),(1820,'\0',15,0,0,'2012-10-27 00:00:00',85,6,98),(1821,'\0',15,0,0,'2012-10-27 00:00:00',83,6,96),(1822,'\0',15,0,0,'2012-10-27 00:00:00',81,6,94),(1823,'\0',15,0,0,'2012-10-27 00:00:00',79,6,92),(1824,'\0',15,0,0,'2012-10-27 00:00:00',80,6,90),(1825,'\0',15,0,0,'2012-10-27 00:00:00',82,6,88),(1826,'\0',15,0,0,'2012-10-27 00:00:00',84,6,86),(1827,'\0',16,0,0,'2012-11-03 00:00:00',86,6,82),(1828,'\0',16,0,0,'2012-11-03 00:00:00',88,6,80),(1829,'\0',16,0,0,'2012-11-03 00:00:00',90,6,79),(1830,'\0',16,0,0,'2012-11-03 00:00:00',92,6,81),(1831,'\0',16,0,0,'2012-11-03 00:00:00',94,6,83),(1832,'\0',16,0,0,'2012-11-03 00:00:00',96,6,85),(1833,'\0',16,0,0,'2012-11-03 00:00:00',98,6,87),(1834,'\0',16,0,0,'2012-11-03 00:00:00',99,6,89),(1835,'\0',16,0,0,'2012-11-03 00:00:00',97,6,91),(1836,'\0',16,0,0,'2012-11-03 00:00:00',95,6,93),(1837,'\0',17,0,0,'2012-11-10 00:00:00',93,6,97),(1838,'\0',17,0,0,'2012-11-10 00:00:00',91,6,99),(1839,'\0',17,0,0,'2012-11-10 00:00:00',89,6,98),(1840,'\0',17,0,0,'2012-11-10 00:00:00',87,6,96),(1841,'\0',17,0,0,'2012-11-10 00:00:00',85,6,94),(1842,'\0',17,0,0,'2012-11-10 00:00:00',83,6,92),(1843,'\0',17,0,0,'2012-11-10 00:00:00',81,6,90),(1844,'\0',17,0,0,'2012-11-10 00:00:00',79,6,88),(1845,'\0',17,0,0,'2012-11-10 00:00:00',80,6,86),(1846,'\0',17,0,0,'2012-11-10 00:00:00',82,6,84),(1847,'\0',18,0,0,'2012-11-17 00:00:00',84,6,80),(1848,'\0',18,0,0,'2012-11-17 00:00:00',86,6,79),(1849,'\0',18,0,0,'2012-11-17 00:00:00',88,6,81),(1850,'\0',18,0,0,'2012-11-17 00:00:00',90,6,83),(1851,'\0',18,0,0,'2012-11-17 00:00:00',92,6,85),(1852,'\0',18,0,0,'2012-11-17 00:00:00',94,6,87),(1853,'\0',18,0,0,'2012-11-17 00:00:00',96,6,89),(1854,'\0',18,0,0,'2012-11-17 00:00:00',98,6,91),(1855,'\0',18,0,0,'2012-11-17 00:00:00',99,6,93),(1856,'\0',18,0,0,'2012-11-17 00:00:00',97,6,95),(1857,'\0',19,0,0,'2012-11-24 00:00:00',95,6,99),(1858,'\0',19,0,0,'2012-11-24 00:00:00',93,6,98),(1859,'\0',19,0,0,'2012-11-24 00:00:00',91,6,96),(1860,'\0',19,0,0,'2012-11-24 00:00:00',89,6,94),(1861,'\0',19,0,0,'2012-11-24 00:00:00',87,6,92),(1862,'\0',19,0,0,'2012-11-24 00:00:00',85,6,90),(1863,'\0',19,0,0,'2012-11-24 00:00:00',83,6,88),(1864,'\0',19,0,0,'2012-11-24 00:00:00',81,6,86),(1865,'\0',19,0,0,'2012-11-24 00:00:00',79,6,84),(1866,'\0',19,0,0,'2012-11-24 00:00:00',80,6,82),(1867,'\0',20,0,0,'2012-11-24 00:00:00',82,6,79),(1868,'\0',20,0,0,'2012-11-24 00:00:00',84,6,81),(1869,'\0',20,0,0,'2012-11-24 00:00:00',86,6,83),(1870,'\0',20,0,0,'2012-11-24 00:00:00',88,6,85),(1871,'\0',20,0,0,'2012-11-24 00:00:00',90,6,87),(1872,'\0',20,0,0,'2012-11-24 00:00:00',92,6,89),(1873,'\0',20,0,0,'2012-11-24 00:00:00',94,6,91),(1874,'\0',20,0,0,'2012-11-24 00:00:00',96,6,93),(1875,'\0',20,0,0,'2012-11-24 00:00:00',98,6,95),(1876,'\0',20,0,0,'2012-11-24 00:00:00',99,6,97),(1877,'\0',21,0,0,'2012-12-01 00:00:00',97,6,98),(1878,'\0',21,0,0,'2012-12-01 00:00:00',95,6,96),(1879,'\0',21,0,0,'2012-12-01 00:00:00',93,6,94),(1880,'\0',21,0,0,'2012-12-01 00:00:00',91,6,92),(1881,'\0',21,0,0,'2012-12-01 00:00:00',89,6,90),(1882,'\0',21,0,0,'2012-12-01 00:00:00',87,6,88),(1883,'\0',21,0,0,'2012-12-01 00:00:00',85,6,86),(1884,'\0',21,0,0,'2012-12-01 00:00:00',83,6,84),(1885,'\0',21,0,0,'2012-12-01 00:00:00',81,6,82),(1886,'\0',21,0,0,'2012-12-01 00:00:00',79,6,80),(1887,'\0',22,0,0,'2012-12-08 00:00:00',81,6,80),(1888,'\0',22,0,0,'2012-12-08 00:00:00',83,6,82),(1889,'\0',22,0,0,'2012-12-08 00:00:00',85,6,84),(1890,'\0',22,0,0,'2012-12-08 00:00:00',87,6,86),(1891,'\0',22,0,0,'2012-12-08 00:00:00',89,6,88),(1892,'\0',22,0,0,'2012-12-08 00:00:00',91,6,90),(1893,'\0',22,0,0,'2012-12-08 00:00:00',93,6,92),(1894,'\0',22,0,0,'2012-12-08 00:00:00',95,6,94),(1895,'\0',22,0,0,'2012-12-08 00:00:00',97,6,96),(1896,'\0',22,0,0,'2012-12-08 00:00:00',99,6,98),(1897,'\0',23,0,0,'2013-01-26 00:00:00',96,6,99),(1898,'\0',23,0,0,'2013-01-26 00:00:00',94,6,97),(1899,'\0',23,0,0,'2013-01-26 00:00:00',92,6,95),(1900,'\0',23,0,0,'2013-01-26 00:00:00',90,6,93),(1901,'\0',23,0,0,'2013-01-26 00:00:00',88,6,91),(1902,'\0',23,0,0,'2013-01-26 00:00:00',86,6,89),(1903,'\0',23,0,0,'2013-01-26 00:00:00',84,6,87),(1904,'\0',23,0,0,'2013-01-26 00:00:00',82,6,85),(1905,'\0',23,0,0,'2013-01-26 00:00:00',80,6,83),(1906,'\0',23,0,0,'2013-01-26 00:00:00',79,6,81),(1907,'\0',24,0,0,'2013-02-02 00:00:00',83,6,79),(1908,'\0',24,0,0,'2013-02-02 00:00:00',85,6,80),(1909,'\0',24,0,0,'2013-02-02 00:00:00',87,6,82),(1910,'\0',24,0,0,'2013-02-02 00:00:00',89,6,84),(1911,'\0',24,0,0,'2013-02-02 00:00:00',91,6,86),(1912,'\0',24,0,0,'2013-02-02 00:00:00',93,6,88),(1913,'\0',24,0,0,'2013-02-02 00:00:00',95,6,90),(1914,'\0',24,0,0,'2013-02-02 00:00:00',97,6,92),(1915,'\0',24,0,0,'2013-02-02 00:00:00',99,6,94),(1916,'\0',24,0,0,'2013-02-02 00:00:00',98,6,96),(1917,'\0',25,0,0,'2013-02-09 00:00:00',94,6,98),(1918,'\0',25,0,0,'2013-02-09 00:00:00',92,6,99),(1919,'\0',25,0,0,'2013-02-09 00:00:00',90,6,97),(1920,'\0',25,0,0,'2013-02-09 00:00:00',88,6,95),(1921,'\0',25,0,0,'2013-02-09 00:00:00',86,6,93),(1922,'\0',25,0,0,'2013-02-09 00:00:00',84,6,91),(1923,'\0',25,0,0,'2013-02-09 00:00:00',82,6,89),(1924,'\0',25,0,0,'2013-02-09 00:00:00',80,6,87),(1925,'\0',25,0,0,'2013-02-09 00:00:00',79,6,85),(1926,'\0',25,0,0,'2013-02-09 00:00:00',81,6,83),(1927,'\0',26,0,0,'2013-02-16 00:00:00',85,6,81),(1928,'\0',26,0,0,'2013-02-16 00:00:00',87,6,79),(1929,'\0',26,0,0,'2013-02-16 00:00:00',89,6,80),(1930,'\0',26,0,0,'2013-02-16 00:00:00',91,6,82),(1931,'\0',26,0,0,'2013-02-16 00:00:00',93,6,84),(1932,'\0',26,0,0,'2013-02-16 00:00:00',95,6,86),(1933,'\0',26,0,0,'2013-02-16 00:00:00',97,6,88),(1934,'\0',26,0,0,'2013-02-16 00:00:00',99,6,90),(1935,'\0',26,0,0,'2013-02-16 00:00:00',98,6,92),(1936,'\0',26,0,0,'2013-02-16 00:00:00',96,6,94),(1937,'\0',27,0,0,'2013-02-23 00:00:00',92,6,96),(1938,'\0',27,0,0,'2013-02-23 00:00:00',90,6,98),(1939,'\0',27,0,0,'2013-02-23 00:00:00',88,6,99),(1940,'\0',27,0,0,'2013-02-23 00:00:00',86,6,97),(1941,'\0',27,0,0,'2013-02-23 00:00:00',84,6,95),(1942,'\0',27,0,0,'2013-02-23 00:00:00',82,6,93),(1943,'\0',27,0,0,'2013-02-23 00:00:00',80,6,91),(1944,'\0',27,0,0,'2013-02-23 00:00:00',79,6,89),(1945,'\0',27,0,0,'2013-02-23 00:00:00',81,6,87),(1946,'\0',27,0,0,'2013-02-23 00:00:00',83,6,85),(1947,'\0',28,0,0,'2013-02-23 00:00:00',87,6,83),(1948,'\0',28,0,0,'2013-02-23 00:00:00',89,6,81),(1949,'\0',28,0,0,'2013-02-23 00:00:00',91,6,79),(1950,'\0',28,0,0,'2013-02-23 00:00:00',93,6,80),(1951,'\0',28,0,0,'2013-02-23 00:00:00',95,6,82),(1952,'\0',28,0,0,'2013-02-23 00:00:00',97,6,84),(1953,'\0',28,0,0,'2013-02-23 00:00:00',99,6,86),(1954,'\0',28,0,0,'2013-02-23 00:00:00',98,6,88),(1955,'\0',28,0,0,'2013-02-23 00:00:00',96,6,90),(1956,'\0',28,0,0,'2013-02-23 00:00:00',94,6,92),(1957,'\0',29,0,0,'2013-03-02 00:00:00',90,6,94),(1958,'\0',29,0,0,'2013-03-02 00:00:00',88,6,96),(1959,'\0',29,0,0,'2013-03-02 00:00:00',86,6,98),(1960,'\0',29,0,0,'2013-03-02 00:00:00',84,6,99),(1961,'\0',29,0,0,'2013-03-02 00:00:00',82,6,97),(1962,'\0',29,0,0,'2013-03-02 00:00:00',80,6,95),(1963,'\0',29,0,0,'2013-03-02 00:00:00',79,6,93),(1964,'\0',29,0,0,'2013-03-02 00:00:00',81,6,91),(1965,'\0',29,0,0,'2013-03-02 00:00:00',83,6,89),(1966,'\0',29,0,0,'2013-03-02 00:00:00',85,6,87),(1967,'\0',30,0,0,'2013-03-09 00:00:00',89,6,85),(1968,'\0',30,0,0,'2013-03-09 00:00:00',91,6,83),(1969,'\0',30,0,0,'2013-03-09 00:00:00',93,6,81),(1970,'\0',30,0,0,'2013-03-09 00:00:00',95,6,79),(1971,'\0',30,0,0,'2013-03-09 00:00:00',97,6,80),(1972,'\0',30,0,0,'2013-03-09 00:00:00',99,6,82),(1973,'\0',30,0,0,'2013-03-09 00:00:00',98,6,84),(1974,'\0',30,0,0,'2013-03-09 00:00:00',96,6,86),(1975,'\0',30,0,0,'2013-03-09 00:00:00',94,6,88),(1976,'\0',30,0,0,'2013-03-09 00:00:00',92,6,90),(1977,'\0',31,0,0,'2013-03-16 00:00:00',88,6,92),(1978,'\0',31,0,0,'2013-03-16 00:00:00',86,6,94),(1979,'\0',31,0,0,'2013-03-16 00:00:00',84,6,96),(1980,'\0',31,0,0,'2013-03-16 00:00:00',82,6,98),(1981,'\0',31,0,0,'2013-03-16 00:00:00',80,6,99),(1982,'\0',31,0,0,'2013-03-16 00:00:00',79,6,97),(1983,'\0',31,0,0,'2013-03-16 00:00:00',81,6,95),(1984,'\0',31,0,0,'2013-03-16 00:00:00',83,6,93),(1985,'\0',31,0,0,'2013-03-16 00:00:00',85,6,91),(1986,'\0',31,0,0,'2013-03-16 00:00:00',87,6,89),(1987,'\0',32,0,0,'2013-03-23 00:00:00',91,6,87),(1988,'\0',32,0,0,'2013-03-23 00:00:00',93,6,85),(1989,'\0',32,0,0,'2013-03-23 00:00:00',95,6,83),(1990,'\0',32,0,0,'2013-03-23 00:00:00',97,6,81),(1991,'\0',32,0,0,'2013-03-23 00:00:00',99,6,79),(1992,'\0',32,0,0,'2013-03-23 00:00:00',98,6,80),(1993,'\0',32,0,0,'2013-03-23 00:00:00',96,6,82),(1994,'\0',32,0,0,'2013-03-23 00:00:00',94,6,84),(1995,'\0',32,0,0,'2013-03-23 00:00:00',92,6,86),(1996,'\0',32,0,0,'2013-03-23 00:00:00',90,6,88),(1997,'\0',33,0,0,'2013-03-30 00:00:00',86,6,90),(1998,'\0',33,0,0,'2013-03-30 00:00:00',84,6,92),(1999,'\0',33,0,0,'2013-03-30 00:00:00',82,6,94),(2000,'\0',33,0,0,'2013-03-30 00:00:00',80,6,96),(2001,'\0',33,0,0,'2013-03-30 00:00:00',79,6,98),(2002,'\0',33,0,0,'2013-03-30 00:00:00',81,6,99),(2003,'\0',33,0,0,'2013-03-30 00:00:00',83,6,97),(2004,'\0',33,0,0,'2013-03-30 00:00:00',85,6,95),(2005,'\0',33,0,0,'2013-03-30 00:00:00',87,6,93),(2006,'\0',33,0,0,'2013-03-30 00:00:00',89,6,91),(2007,'\0',34,0,0,'2013-04-06 00:00:00',93,6,89),(2008,'\0',34,0,0,'2013-04-06 00:00:00',95,6,87),(2009,'\0',34,0,0,'2013-04-06 00:00:00',97,6,85),(2010,'\0',34,0,0,'2013-04-06 00:00:00',99,6,83),(2011,'\0',34,0,0,'2013-04-06 00:00:00',98,6,81),(2012,'\0',34,0,0,'2013-04-06 00:00:00',96,6,79),(2013,'\0',34,0,0,'2013-04-06 00:00:00',94,6,80),(2014,'\0',34,0,0,'2013-04-06 00:00:00',92,6,82),(2015,'\0',34,0,0,'2013-04-06 00:00:00',90,6,84),(2016,'\0',34,0,0,'2013-04-06 00:00:00',88,6,86),(2017,'\0',35,0,0,'2013-04-06 00:00:00',84,6,88),(2018,'\0',35,0,0,'2013-04-06 00:00:00',82,6,90),(2019,'\0',35,0,0,'2013-04-06 00:00:00',80,6,92),(2020,'\0',35,0,0,'2013-04-06 00:00:00',79,6,94),(2021,'\0',35,0,0,'2013-04-06 00:00:00',81,6,96),(2022,'\0',35,0,0,'2013-04-06 00:00:00',83,6,98),(2023,'\0',35,0,0,'2013-04-06 00:00:00',85,6,99),(2024,'\0',35,0,0,'2013-04-06 00:00:00',87,6,97),(2025,'\0',35,0,0,'2013-04-06 00:00:00',89,6,95),(2026,'\0',35,0,0,'2013-04-06 00:00:00',91,6,93),(2027,'\0',36,0,0,'2013-04-13 00:00:00',95,6,91),(2028,'\0',36,0,0,'2013-04-13 00:00:00',97,6,89),(2029,'\0',36,0,0,'2013-04-13 00:00:00',99,6,87),(2030,'\0',36,0,0,'2013-04-13 00:00:00',98,6,85),(2031,'\0',36,0,0,'2013-04-13 00:00:00',96,6,83),(2032,'\0',36,0,0,'2013-04-13 00:00:00',94,6,81),(2033,'\0',36,0,0,'2013-04-13 00:00:00',92,6,79),(2034,'\0',36,0,0,'2013-04-13 00:00:00',90,6,80),(2035,'\0',36,0,0,'2013-04-13 00:00:00',88,6,82),(2036,'\0',36,0,0,'2013-04-13 00:00:00',86,6,84),(2037,'\0',37,0,0,'2013-04-20 00:00:00',82,6,86),(2038,'\0',37,0,0,'2013-04-20 00:00:00',80,6,88),(2039,'\0',37,0,0,'2013-04-20 00:00:00',79,6,90),(2040,'\0',37,0,0,'2013-04-20 00:00:00',81,6,92),(2041,'\0',37,0,0,'2013-04-20 00:00:00',83,6,94),(2042,'\0',37,0,0,'2013-04-20 00:00:00',85,6,96),(2043,'\0',37,0,0,'2013-04-20 00:00:00',87,6,98),(2044,'\0',37,0,0,'2013-04-20 00:00:00',89,6,99),(2045,'\0',37,0,0,'2013-04-20 00:00:00',91,6,97),(2046,'\0',37,0,0,'2013-04-20 00:00:00',93,6,95),(2047,'\0',38,0,0,'2013-04-27 00:00:00',97,6,93),(2048,'\0',38,0,0,'2013-04-27 00:00:00',99,6,91),(2049,'\0',38,0,0,'2013-04-27 00:00:00',98,6,89),(2050,'\0',38,0,0,'2013-04-27 00:00:00',96,6,87),(2051,'\0',38,0,0,'2013-04-27 00:00:00',94,6,85),(2052,'\0',38,0,0,'2013-04-27 00:00:00',92,6,83),(2053,'\0',38,0,0,'2013-04-27 00:00:00',90,6,81),(2054,'\0',38,0,0,'2013-04-27 00:00:00',88,6,79),(2055,'\0',38,0,0,'2013-04-27 00:00:00',86,6,80),(2056,'\0',38,0,0,'2013-04-27 00:00:00',84,6,82),(2057,'\0',39,0,0,'2013-05-04 00:00:00',80,6,84),(2058,'\0',39,0,0,'2013-05-04 00:00:00',79,6,86),(2059,'\0',39,0,0,'2013-05-04 00:00:00',81,6,88),(2060,'\0',39,0,0,'2013-05-04 00:00:00',83,6,90),(2061,'\0',39,0,0,'2013-05-04 00:00:00',85,6,92),(2062,'\0',39,0,0,'2013-05-04 00:00:00',87,6,94),(2063,'\0',39,0,0,'2013-05-04 00:00:00',89,6,96),(2064,'\0',39,0,0,'2013-05-04 00:00:00',91,6,98),(2065,'\0',39,0,0,'2013-05-04 00:00:00',93,6,99),(2066,'\0',39,0,0,'2013-05-04 00:00:00',95,6,97),(2067,'\0',40,0,0,'2013-05-11 00:00:00',99,6,95),(2068,'\0',40,0,0,'2013-05-11 00:00:00',98,6,93),(2069,'\0',40,0,0,'2013-05-11 00:00:00',96,6,91),(2070,'\0',40,0,0,'2013-05-11 00:00:00',94,6,89),(2071,'\0',40,0,0,'2013-05-11 00:00:00',92,6,87),(2072,'\0',40,0,0,'2013-05-11 00:00:00',90,6,85),(2073,'\0',40,0,0,'2013-05-11 00:00:00',88,6,83),(2074,'\0',40,0,0,'2013-05-11 00:00:00',86,6,81),(2075,'\0',40,0,0,'2013-05-11 00:00:00',84,6,79),(2076,'\0',40,0,0,'2013-05-11 00:00:00',82,6,80),(2077,'\0',41,0,0,'2013-05-18 00:00:00',79,6,82),(2078,'\0',41,0,0,'2013-05-18 00:00:00',81,6,84),(2079,'\0',41,0,0,'2013-05-18 00:00:00',83,6,86),(2080,'\0',41,0,0,'2013-05-18 00:00:00',85,6,88),(2081,'\0',41,0,0,'2013-05-18 00:00:00',87,6,90),(2082,'\0',41,0,0,'2013-05-18 00:00:00',89,6,92),(2083,'\0',41,0,0,'2013-05-18 00:00:00',91,6,94),(2084,'\0',41,0,0,'2013-05-18 00:00:00',93,6,96),(2085,'\0',41,0,0,'2013-05-18 00:00:00',95,6,98),(2086,'\0',41,0,0,'2013-05-18 00:00:00',97,6,99),(2087,'\0',42,0,0,'2013-05-25 00:00:00',98,6,97),(2088,'\0',42,0,0,'2013-05-25 00:00:00',96,6,95),(2089,'\0',42,0,0,'2013-05-25 00:00:00',94,6,93),(2090,'\0',42,0,0,'2013-05-25 00:00:00',92,6,91),(2091,'\0',42,0,0,'2013-05-25 00:00:00',90,6,89),(2092,'\0',42,0,0,'2013-05-25 00:00:00',88,6,87),(2093,'\0',42,0,0,'2013-05-25 00:00:00',86,6,85),(2094,'\0',42,0,0,'2013-05-25 00:00:00',84,6,83),(2095,'\0',42,0,0,'2013-05-25 00:00:00',82,6,81),(2096,'\0',42,0,0,'2013-05-25 00:00:00',80,6,79),(2099,'\0',1,0,0,'2012-08-19 00:00:00',100,7,101),(2100,'\0',1,0,0,'2012-08-19 00:00:00',102,7,103),(2101,'\0',1,0,0,'2012-08-19 00:00:00',104,7,105),(2102,'\0',1,0,0,'2012-08-19 00:00:00',106,7,107),(2103,'\0',1,0,0,'2012-08-19 00:00:00',108,7,109),(2104,'\0',1,0,0,'2012-08-19 00:00:00',110,7,111),(2105,'\0',1,0,0,'2012-08-19 00:00:00',112,7,113),(2106,'\0',1,0,0,'2012-08-19 00:00:00',114,7,115),(2107,'\0',1,0,0,'2012-08-19 00:00:00',116,7,117),(2108,'\0',1,0,0,'2012-08-19 00:00:00',118,7,119),(2109,'\0',2,0,0,'2012-08-26 00:00:00',101,7,118),(2110,'\0',2,0,0,'2012-08-26 00:00:00',103,7,100),(2111,'\0',2,0,0,'2012-08-26 00:00:00',105,7,102),(2112,'\0',2,0,0,'2012-08-26 00:00:00',107,7,104),(2113,'\0',2,0,0,'2012-08-26 00:00:00',109,7,106),(2114,'\0',2,0,0,'2012-08-26 00:00:00',111,7,108),(2115,'\0',2,0,0,'2012-08-26 00:00:00',113,7,110),(2116,'\0',2,0,0,'2012-08-26 00:00:00',115,7,112),(2117,'\0',2,0,0,'2012-08-26 00:00:00',117,7,114),(2118,'\0',2,0,0,'2012-08-26 00:00:00',119,7,116),(2119,'\0',3,0,0,'2012-09-02 00:00:00',101,7,103),(2120,'\0',3,0,0,'2012-09-02 00:00:00',100,7,105),(2121,'\0',3,0,0,'2012-09-02 00:00:00',102,7,107),(2122,'\0',3,0,0,'2012-09-02 00:00:00',104,7,109),(2123,'\0',3,0,0,'2012-09-02 00:00:00',106,7,111),(2124,'\0',3,0,0,'2012-09-02 00:00:00',108,7,113),(2125,'\0',3,0,0,'2012-09-02 00:00:00',110,7,115),(2126,'\0',3,0,0,'2012-09-02 00:00:00',112,7,117),(2127,'\0',3,0,0,'2012-09-02 00:00:00',114,7,119),(2128,'\0',3,0,0,'2012-09-02 00:00:00',118,7,116),(2129,'\0',4,0,0,'2012-09-16 00:00:00',103,7,118),(2130,'\0',4,0,0,'2012-09-16 00:00:00',105,7,101),(2131,'\0',4,0,0,'2012-09-16 00:00:00',107,7,100),(2132,'\0',4,0,0,'2012-09-16 00:00:00',109,7,102),(2133,'\0',4,0,0,'2012-09-16 00:00:00',111,7,104),(2134,'\0',4,0,0,'2012-09-16 00:00:00',113,7,106),(2135,'\0',4,0,0,'2012-09-16 00:00:00',115,7,108),(2136,'\0',4,0,0,'2012-09-16 00:00:00',117,7,110),(2137,'\0',4,0,0,'2012-09-16 00:00:00',119,7,112),(2138,'\0',4,0,0,'2012-09-16 00:00:00',116,7,114),(2139,'\0',5,0,0,'2012-09-23 00:00:00',103,7,105),(2140,'\0',5,0,0,'2012-09-23 00:00:00',101,7,107),(2141,'\0',5,0,0,'2012-09-23 00:00:00',100,7,109),(2142,'\0',5,0,0,'2012-09-23 00:00:00',102,7,111),(2143,'\0',5,0,0,'2012-09-23 00:00:00',104,7,113),(2144,'\0',5,0,0,'2012-09-23 00:00:00',106,7,115),(2145,'\0',5,0,0,'2012-09-23 00:00:00',108,7,117),(2146,'\0',5,0,0,'2012-09-23 00:00:00',110,7,119),(2147,'\0',5,0,0,'2012-09-23 00:00:00',112,7,116),(2148,'\0',5,0,0,'2012-09-23 00:00:00',118,7,114),(2149,'\0',6,0,0,'2012-09-30 00:00:00',105,7,118),(2150,'\0',6,0,0,'2012-09-30 00:00:00',107,7,103),(2151,'\0',6,0,0,'2012-09-30 00:00:00',109,7,101),(2152,'\0',6,0,0,'2012-09-30 00:00:00',111,7,100),(2153,'\0',6,0,0,'2012-09-30 00:00:00',113,7,102),(2154,'\0',6,0,0,'2012-09-30 00:00:00',115,7,104),(2155,'\0',6,0,0,'2012-09-30 00:00:00',117,7,106),(2156,'\0',6,0,0,'2012-09-30 00:00:00',119,7,108),(2157,'\0',6,0,0,'2012-09-30 00:00:00',116,7,110),(2158,'\0',6,0,0,'2012-09-30 00:00:00',114,7,112),(2159,'\0',7,0,0,'2012-10-07 00:00:00',105,7,107),(2160,'\0',7,0,0,'2012-10-07 00:00:00',103,7,109),(2161,'\0',7,0,0,'2012-10-07 00:00:00',101,7,111),(2162,'\0',7,0,0,'2012-10-07 00:00:00',100,7,113),(2163,'\0',7,0,0,'2012-10-07 00:00:00',102,7,115),(2164,'\0',7,0,0,'2012-10-07 00:00:00',104,7,117),(2165,'\0',7,0,0,'2012-10-07 00:00:00',106,7,119),(2166,'\0',7,0,0,'2012-10-07 00:00:00',108,7,116),(2167,'\0',7,0,0,'2012-10-07 00:00:00',110,7,114),(2168,'\0',7,0,0,'2012-10-07 00:00:00',118,7,112),(2169,'\0',8,0,0,'2012-10-21 00:00:00',107,7,118),(2170,'\0',8,0,0,'2012-10-21 00:00:00',109,7,105),(2171,'\0',8,0,0,'2012-10-21 00:00:00',111,7,103),(2172,'\0',8,0,0,'2012-10-21 00:00:00',113,7,101),(2173,'\0',8,0,0,'2012-10-21 00:00:00',115,7,100),(2174,'\0',8,0,0,'2012-10-21 00:00:00',117,7,102),(2175,'\0',8,0,0,'2012-10-21 00:00:00',119,7,104),(2176,'\0',8,0,0,'2012-10-21 00:00:00',116,7,106),(2177,'\0',8,0,0,'2012-10-21 00:00:00',114,7,108),(2178,'\0',8,0,0,'2012-10-21 00:00:00',112,7,110),(2179,'\0',9,0,0,'2012-10-28 00:00:00',107,7,109),(2180,'\0',9,0,0,'2012-10-28 00:00:00',105,7,111),(2181,'\0',9,0,0,'2012-10-28 00:00:00',103,7,113),(2182,'\0',9,0,0,'2012-10-28 00:00:00',101,7,115),(2183,'\0',9,0,0,'2012-10-28 00:00:00',100,7,117),(2184,'\0',9,0,0,'2012-10-28 00:00:00',102,7,119),(2185,'\0',9,0,0,'2012-10-28 00:00:00',104,7,116),(2186,'\0',9,0,0,'2012-10-28 00:00:00',106,7,114),(2187,'\0',9,0,0,'2012-10-28 00:00:00',108,7,112),(2188,'\0',9,0,0,'2012-10-28 00:00:00',118,7,110),(2189,'\0',10,0,0,'2012-11-04 00:00:00',109,7,118),(2190,'\0',10,0,0,'2012-11-04 00:00:00',111,7,107),(2191,'\0',10,0,0,'2012-11-04 00:00:00',113,7,105),(2192,'\0',10,0,0,'2012-11-04 00:00:00',115,7,103),(2193,'\0',10,0,0,'2012-11-04 00:00:00',117,7,101),(2194,'\0',10,0,0,'2012-11-04 00:00:00',119,7,100),(2195,'\0',10,0,0,'2012-11-04 00:00:00',116,7,102),(2196,'\0',10,0,0,'2012-11-04 00:00:00',114,7,104),(2197,'\0',10,0,0,'2012-11-04 00:00:00',112,7,106),(2198,'\0',10,0,0,'2012-11-04 00:00:00',110,7,108),(2199,'\0',11,0,0,'2012-11-11 00:00:00',109,7,111),(2200,'\0',11,0,0,'2012-11-11 00:00:00',107,7,113),(2201,'\0',11,0,0,'2012-11-11 00:00:00',105,7,115),(2202,'\0',11,0,0,'2012-11-11 00:00:00',103,7,117),(2203,'\0',11,0,0,'2012-11-11 00:00:00',101,7,119),(2204,'\0',11,0,0,'2012-11-11 00:00:00',100,7,116),(2205,'\0',11,0,0,'2012-11-11 00:00:00',102,7,114),(2206,'\0',11,0,0,'2012-11-11 00:00:00',104,7,112),(2207,'\0',11,0,0,'2012-11-11 00:00:00',106,7,110),(2208,'\0',11,0,0,'2012-11-11 00:00:00',118,7,108),(2209,'\0',12,0,0,'2012-11-18 00:00:00',111,7,118),(2210,'\0',12,0,0,'2012-11-18 00:00:00',113,7,109),(2211,'\0',12,0,0,'2012-11-18 00:00:00',115,7,107),(2212,'\0',12,0,0,'2012-11-18 00:00:00',117,7,105),(2213,'\0',12,0,0,'2012-11-18 00:00:00',119,7,103),(2214,'\0',12,0,0,'2012-11-18 00:00:00',116,7,101),(2215,'\0',12,0,0,'2012-11-18 00:00:00',114,7,100),(2216,'\0',12,0,0,'2012-11-18 00:00:00',112,7,102),(2217,'\0',12,0,0,'2012-11-18 00:00:00',110,7,104),(2218,'\0',12,0,0,'2012-11-18 00:00:00',108,7,106),(2219,'\0',13,0,0,'2012-11-25 00:00:00',111,7,113),(2220,'\0',13,0,0,'2012-11-25 00:00:00',109,7,115),(2221,'\0',13,0,0,'2012-11-25 00:00:00',107,7,117),(2222,'\0',13,0,0,'2012-11-25 00:00:00',105,7,119),(2223,'\0',13,0,0,'2012-11-25 00:00:00',103,7,116),(2224,'\0',13,0,0,'2012-11-25 00:00:00',101,7,114),(2225,'\0',13,0,0,'2012-11-25 00:00:00',100,7,112),(2226,'\0',13,0,0,'2012-11-25 00:00:00',102,7,110),(2227,'\0',13,0,0,'2012-11-25 00:00:00',104,7,108),(2228,'\0',13,0,0,'2012-11-25 00:00:00',118,7,106),(2229,'\0',14,0,0,'2012-12-02 00:00:00',113,7,118),(2230,'\0',14,0,0,'2012-12-02 00:00:00',115,7,111),(2231,'\0',14,0,0,'2012-12-02 00:00:00',117,7,109),(2232,'\0',14,0,0,'2012-12-02 00:00:00',119,7,107),(2233,'\0',14,0,0,'2012-12-02 00:00:00',116,7,105),(2234,'\0',14,0,0,'2012-12-02 00:00:00',114,7,103),(2235,'\0',14,0,0,'2012-12-02 00:00:00',112,7,101),(2236,'\0',14,0,0,'2012-12-02 00:00:00',110,7,100),(2237,'\0',14,0,0,'2012-12-02 00:00:00',108,7,102),(2238,'\0',14,0,0,'2012-12-02 00:00:00',106,7,104),(2239,'\0',15,0,0,'2012-12-09 00:00:00',113,7,115),(2240,'\0',15,0,0,'2012-12-09 00:00:00',111,7,117),(2241,'\0',15,0,0,'2012-12-09 00:00:00',109,7,119),(2242,'\0',15,0,0,'2012-12-09 00:00:00',107,7,116),(2243,'\0',15,0,0,'2012-12-09 00:00:00',105,7,114),(2244,'\0',15,0,0,'2012-12-09 00:00:00',103,7,112),(2245,'\0',15,0,0,'2012-12-09 00:00:00',101,7,110),(2246,'\0',15,0,0,'2012-12-09 00:00:00',100,7,108),(2247,'\0',15,0,0,'2012-12-09 00:00:00',102,7,106),(2248,'\0',15,0,0,'2012-12-09 00:00:00',118,7,104),(2249,'\0',16,0,0,'2012-12-16 00:00:00',115,7,118),(2250,'\0',16,0,0,'2012-12-16 00:00:00',117,7,113),(2251,'\0',16,0,0,'2012-12-16 00:00:00',119,7,111),(2252,'\0',16,0,0,'2012-12-16 00:00:00',116,7,109),(2253,'\0',16,0,0,'2012-12-16 00:00:00',114,7,107),(2254,'\0',16,0,0,'2012-12-16 00:00:00',112,7,105),(2255,'\0',16,0,0,'2012-12-16 00:00:00',110,7,103),(2256,'\0',16,0,0,'2012-12-16 00:00:00',108,7,101),(2257,'\0',16,0,0,'2012-12-16 00:00:00',106,7,100),(2258,'\0',16,0,0,'2012-12-16 00:00:00',104,7,102),(2259,'\0',17,0,0,'2012-12-22 00:00:00',115,7,117),(2260,'\0',17,0,0,'2012-12-22 00:00:00',113,7,119),(2261,'\0',17,0,0,'2012-12-22 00:00:00',111,7,116),(2262,'\0',17,0,0,'2012-12-22 00:00:00',109,7,114),(2263,'\0',17,0,0,'2012-12-22 00:00:00',107,7,112),(2264,'\0',17,0,0,'2012-12-22 00:00:00',105,7,110),(2265,'\0',17,0,0,'2012-12-22 00:00:00',103,7,108),(2266,'\0',17,0,0,'2012-12-22 00:00:00',101,7,106),(2267,'\0',17,0,0,'2012-12-22 00:00:00',100,7,104),(2268,'\0',17,0,0,'2012-12-22 00:00:00',118,7,102),(2269,'\0',18,0,0,'2013-01-06 00:00:00',118,7,117),(2270,'\0',18,0,0,'2013-01-06 00:00:00',119,7,115),(2271,'\0',18,0,0,'2013-01-06 00:00:00',116,7,113),(2272,'\0',18,0,0,'2013-01-06 00:00:00',114,7,111),(2273,'\0',18,0,0,'2013-01-06 00:00:00',112,7,109),(2274,'\0',18,0,0,'2013-01-06 00:00:00',110,7,107),(2275,'\0',18,0,0,'2013-01-06 00:00:00',108,7,105),(2276,'\0',18,0,0,'2013-01-06 00:00:00',106,7,103),(2277,'\0',18,0,0,'2013-01-06 00:00:00',104,7,101),(2278,'\0',18,0,0,'2013-01-06 00:00:00',102,7,100),(2279,'\0',19,0,0,'2013-01-13 00:00:00',117,7,119),(2280,'\0',19,0,0,'2013-01-13 00:00:00',115,7,116),(2281,'\0',19,0,0,'2013-01-13 00:00:00',113,7,114),(2282,'\0',19,0,0,'2013-01-13 00:00:00',111,7,112),(2283,'\0',19,0,0,'2013-01-13 00:00:00',109,7,110),(2284,'\0',19,0,0,'2013-01-13 00:00:00',107,7,108),(2285,'\0',19,0,0,'2013-01-13 00:00:00',105,7,106),(2286,'\0',19,0,0,'2013-01-13 00:00:00',103,7,104),(2287,'\0',19,0,0,'2013-01-13 00:00:00',101,7,102),(2288,'\0',19,0,0,'2013-01-13 00:00:00',100,7,118),(2289,'\0',20,0,0,'2013-01-20 00:00:00',101,7,100),(2290,'\0',20,0,0,'2013-01-20 00:00:00',103,7,102),(2291,'\0',20,0,0,'2013-01-20 00:00:00',105,7,104),(2292,'\0',20,0,0,'2013-01-20 00:00:00',107,7,106),(2293,'\0',20,0,0,'2013-01-20 00:00:00',109,7,108),(2294,'\0',20,0,0,'2013-01-20 00:00:00',111,7,110),(2295,'\0',20,0,0,'2013-01-20 00:00:00',113,7,112),(2296,'\0',20,0,0,'2013-01-20 00:00:00',115,7,114),(2297,'\0',20,0,0,'2013-01-20 00:00:00',117,7,116),(2298,'\0',20,0,0,'2013-01-20 00:00:00',119,7,118),(2299,'\0',21,0,0,'2013-01-27 00:00:00',118,7,101),(2300,'\0',21,0,0,'2013-01-27 00:00:00',100,7,103),(2301,'\0',21,0,0,'2013-01-27 00:00:00',102,7,105),(2302,'\0',21,0,0,'2013-01-27 00:00:00',104,7,107),(2303,'\0',21,0,0,'2013-01-27 00:00:00',106,7,109),(2304,'\0',21,0,0,'2013-01-27 00:00:00',108,7,111),(2305,'\0',21,0,0,'2013-01-27 00:00:00',110,7,113),(2306,'\0',21,0,0,'2013-01-27 00:00:00',112,7,115),(2307,'\0',21,0,0,'2013-01-27 00:00:00',114,7,117),(2308,'\0',21,0,0,'2013-01-27 00:00:00',116,7,119),(2309,'\0',22,0,0,'2013-02-03 00:00:00',103,7,101),(2310,'\0',22,0,0,'2013-02-03 00:00:00',105,7,100),(2311,'\0',22,0,0,'2013-02-03 00:00:00',107,7,102),(2312,'\0',22,0,0,'2013-02-03 00:00:00',109,7,104),(2313,'\0',22,0,0,'2013-02-03 00:00:00',111,7,106),(2314,'\0',22,0,0,'2013-02-03 00:00:00',113,7,108),(2315,'\0',22,0,0,'2013-02-03 00:00:00',115,7,110),(2316,'\0',22,0,0,'2013-02-03 00:00:00',117,7,112),(2317,'\0',22,0,0,'2013-02-03 00:00:00',119,7,114),(2318,'\0',22,0,0,'2013-02-03 00:00:00',116,7,118),(2319,'\0',23,0,0,'2013-02-10 00:00:00',118,7,103),(2320,'\0',23,0,0,'2013-02-10 00:00:00',101,7,105),(2321,'\0',23,0,0,'2013-02-10 00:00:00',100,7,107),(2322,'\0',23,0,0,'2013-02-10 00:00:00',102,7,109),(2323,'\0',23,0,0,'2013-02-10 00:00:00',104,7,111),(2324,'\0',23,0,0,'2013-02-10 00:00:00',106,7,113),(2325,'\0',23,0,0,'2013-02-10 00:00:00',108,7,115),(2326,'\0',23,0,0,'2013-02-10 00:00:00',110,7,117),(2327,'\0',23,0,0,'2013-02-10 00:00:00',112,7,119),(2328,'\0',23,0,0,'2013-02-10 00:00:00',114,7,116),(2329,'\0',24,0,0,'2013-02-17 00:00:00',105,7,103),(2330,'\0',24,0,0,'2013-02-17 00:00:00',107,7,101),(2331,'\0',24,0,0,'2013-02-17 00:00:00',109,7,100),(2332,'\0',24,0,0,'2013-02-17 00:00:00',111,7,102),(2333,'\0',24,0,0,'2013-02-17 00:00:00',113,7,104),(2334,'\0',24,0,0,'2013-02-17 00:00:00',115,7,106),(2335,'\0',24,0,0,'2013-02-17 00:00:00',117,7,108),(2336,'\0',24,0,0,'2013-02-17 00:00:00',119,7,110),(2337,'\0',24,0,0,'2013-02-17 00:00:00',116,7,112),(2338,'\0',24,0,0,'2013-02-17 00:00:00',114,7,118),(2339,'\0',25,0,0,'2013-02-24 00:00:00',118,7,105),(2340,'\0',25,0,0,'2013-02-24 00:00:00',103,7,107),(2341,'\0',25,0,0,'2013-02-24 00:00:00',101,7,109),(2342,'\0',25,0,0,'2013-02-24 00:00:00',100,7,111),(2343,'\0',25,0,0,'2013-02-24 00:00:00',102,7,113),(2344,'\0',25,0,0,'2013-02-24 00:00:00',104,7,115),(2345,'\0',25,0,0,'2013-02-24 00:00:00',106,7,117),(2346,'\0',25,0,0,'2013-02-24 00:00:00',108,7,119),(2347,'\0',25,0,0,'2013-02-24 00:00:00',110,7,116),(2348,'\0',25,0,0,'2013-02-24 00:00:00',112,7,114),(2349,'\0',26,0,0,'2013-03-03 00:00:00',107,7,105),(2350,'\0',26,0,0,'2013-03-03 00:00:00',109,7,103),(2351,'\0',26,0,0,'2013-03-03 00:00:00',111,7,101),(2352,'\0',26,0,0,'2013-03-03 00:00:00',113,7,100),(2353,'\0',26,0,0,'2013-03-03 00:00:00',115,7,102),(2354,'\0',26,0,0,'2013-03-03 00:00:00',117,7,104),(2355,'\0',26,0,0,'2013-03-03 00:00:00',119,7,106),(2356,'\0',26,0,0,'2013-03-03 00:00:00',116,7,108),(2357,'\0',26,0,0,'2013-03-03 00:00:00',114,7,110),(2358,'\0',26,0,0,'2013-03-03 00:00:00',112,7,118),(2359,'\0',27,0,0,'2013-03-10 00:00:00',118,7,107),(2360,'\0',27,0,0,'2013-03-10 00:00:00',105,7,109),(2361,'\0',27,0,0,'2013-03-10 00:00:00',103,7,111),(2362,'\0',27,0,0,'2013-03-10 00:00:00',101,7,113),(2363,'\0',27,0,0,'2013-03-10 00:00:00',100,7,115),(2364,'\0',27,0,0,'2013-03-10 00:00:00',102,7,117),(2365,'\0',27,0,0,'2013-03-10 00:00:00',104,7,119),(2366,'\0',27,0,0,'2013-03-10 00:00:00',106,7,116),(2367,'\0',27,0,0,'2013-03-10 00:00:00',108,7,114),(2368,'\0',27,0,0,'2013-03-10 00:00:00',110,7,112),(2369,'\0',28,0,0,'2013-03-17 00:00:00',109,7,107),(2370,'\0',28,0,0,'2013-03-17 00:00:00',111,7,105),(2371,'\0',28,0,0,'2013-03-17 00:00:00',113,7,103),(2372,'\0',28,0,0,'2013-03-17 00:00:00',115,7,101),(2373,'\0',28,0,0,'2013-03-17 00:00:00',117,7,100),(2374,'\0',28,0,0,'2013-03-17 00:00:00',119,7,102),(2375,'\0',28,0,0,'2013-03-17 00:00:00',116,7,104),(2376,'\0',28,0,0,'2013-03-17 00:00:00',114,7,106),(2377,'\0',28,0,0,'2013-03-17 00:00:00',112,7,108),(2378,'\0',28,0,0,'2013-03-17 00:00:00',110,7,118),(2379,'\0',29,0,0,'2013-03-31 00:00:00',118,7,109),(2380,'\0',29,0,0,'2013-03-31 00:00:00',107,7,111),(2381,'\0',29,0,0,'2013-03-31 00:00:00',105,7,113),(2382,'\0',29,0,0,'2013-03-31 00:00:00',103,7,115),(2383,'\0',29,0,0,'2013-03-31 00:00:00',101,7,117),(2384,'\0',29,0,0,'2013-03-31 00:00:00',100,7,119),(2385,'\0',29,0,0,'2013-03-31 00:00:00',102,7,116),(2386,'\0',29,0,0,'2013-03-31 00:00:00',104,7,114),(2387,'\0',29,0,0,'2013-03-31 00:00:00',106,7,112),(2388,'\0',29,0,0,'2013-03-31 00:00:00',108,7,110),(2389,'\0',30,0,0,'2013-04-07 00:00:00',111,7,109),(2390,'\0',30,0,0,'2013-04-07 00:00:00',113,7,107),(2391,'\0',30,0,0,'2013-04-07 00:00:00',115,7,105),(2392,'\0',30,0,0,'2013-04-07 00:00:00',117,7,103),(2393,'\0',30,0,0,'2013-04-07 00:00:00',119,7,101),(2394,'\0',30,0,0,'2013-04-07 00:00:00',116,7,100),(2395,'\0',30,0,0,'2013-04-07 00:00:00',114,7,102),(2396,'\0',30,0,0,'2013-04-07 00:00:00',112,7,104),(2397,'\0',30,0,0,'2013-04-07 00:00:00',110,7,106),(2398,'\0',30,0,0,'2013-04-07 00:00:00',108,7,118),(2399,'\0',31,0,0,'2013-04-14 00:00:00',118,7,111),(2400,'\0',31,0,0,'2013-04-14 00:00:00',109,7,113),(2401,'\0',31,0,0,'2013-04-14 00:00:00',107,7,115),(2402,'\0',31,0,0,'2013-04-14 00:00:00',105,7,117),(2403,'\0',31,0,0,'2013-04-14 00:00:00',103,7,119),(2404,'\0',31,0,0,'2013-04-14 00:00:00',101,7,116),(2405,'\0',31,0,0,'2013-04-14 00:00:00',100,7,114),(2406,'\0',31,0,0,'2013-04-14 00:00:00',102,7,112),(2407,'\0',31,0,0,'2013-04-14 00:00:00',104,7,110),(2408,'\0',31,0,0,'2013-04-14 00:00:00',106,7,108),(2409,'\0',32,0,0,'2013-04-21 00:00:00',113,7,111),(2410,'\0',32,0,0,'2013-04-21 00:00:00',115,7,109),(2411,'\0',32,0,0,'2013-04-21 00:00:00',117,7,107),(2412,'\0',32,0,0,'2013-04-21 00:00:00',119,7,105),(2413,'\0',32,0,0,'2013-04-21 00:00:00',116,7,103),(2414,'\0',32,0,0,'2013-04-21 00:00:00',114,7,101),(2415,'\0',32,0,0,'2013-04-21 00:00:00',112,7,100),(2416,'\0',32,0,0,'2013-04-21 00:00:00',110,7,102),(2417,'\0',32,0,0,'2013-04-21 00:00:00',108,7,104),(2418,'\0',32,0,0,'2013-04-21 00:00:00',106,7,118),(2419,'\0',33,0,0,'2013-04-28 00:00:00',118,7,113),(2420,'\0',33,0,0,'2013-04-28 00:00:00',111,7,115),(2421,'\0',33,0,0,'2013-04-28 00:00:00',109,7,117),(2422,'\0',33,0,0,'2013-04-28 00:00:00',107,7,119),(2423,'\0',33,0,0,'2013-04-28 00:00:00',105,7,116),(2424,'\0',33,0,0,'2013-04-28 00:00:00',103,7,114),(2425,'\0',33,0,0,'2013-04-28 00:00:00',101,7,112),(2426,'\0',33,0,0,'2013-04-28 00:00:00',100,7,110),(2427,'\0',33,0,0,'2013-04-28 00:00:00',102,7,108),(2428,'\0',33,0,0,'2013-04-28 00:00:00',104,7,106),(2429,'\0',34,0,0,'2013-05-05 00:00:00',115,7,113),(2430,'\0',34,0,0,'2013-05-05 00:00:00',117,7,111),(2431,'\0',34,0,0,'2013-05-05 00:00:00',119,7,109),(2432,'\0',34,0,0,'2013-05-05 00:00:00',116,7,107),(2433,'\0',34,0,0,'2013-05-05 00:00:00',114,7,105),(2434,'\0',34,0,0,'2013-05-05 00:00:00',112,7,103),(2435,'\0',34,0,0,'2013-05-05 00:00:00',110,7,101),(2436,'\0',34,0,0,'2013-05-05 00:00:00',108,7,100),(2437,'\0',34,0,0,'2013-05-05 00:00:00',106,7,102),(2438,'\0',34,0,0,'2013-05-05 00:00:00',104,7,118),(2439,'\0',35,0,0,'2013-05-12 00:00:00',118,7,115),(2440,'\0',35,0,0,'2013-05-12 00:00:00',113,7,117),(2441,'\0',35,0,0,'2013-05-12 00:00:00',111,7,119),(2442,'\0',35,0,0,'2013-05-12 00:00:00',109,7,116),(2443,'\0',35,0,0,'2013-05-12 00:00:00',107,7,114),(2444,'\0',35,0,0,'2013-05-12 00:00:00',105,7,112),(2445,'\0',35,0,0,'2013-05-12 00:00:00',103,7,110),(2446,'\0',35,0,0,'2013-05-12 00:00:00',101,7,108),(2447,'\0',35,0,0,'2013-05-12 00:00:00',100,7,106),(2448,'\0',35,0,0,'2013-05-12 00:00:00',102,7,104),(2449,'\0',36,0,0,'2013-05-19 00:00:00',117,7,115),(2450,'\0',36,0,0,'2013-05-19 00:00:00',119,7,113),(2451,'\0',36,0,0,'2013-05-19 00:00:00',116,7,111),(2452,'\0',36,0,0,'2013-05-19 00:00:00',114,7,109),(2453,'\0',36,0,0,'2013-05-19 00:00:00',112,7,107),(2454,'\0',36,0,0,'2013-05-19 00:00:00',110,7,105),(2455,'\0',36,0,0,'2013-05-19 00:00:00',108,7,103),(2456,'\0',36,0,0,'2013-05-19 00:00:00',106,7,101),(2457,'\0',36,0,0,'2013-05-19 00:00:00',104,7,100),(2458,'\0',36,0,0,'2013-05-19 00:00:00',102,7,118),(2459,'\0',37,0,0,'2013-05-29 00:00:00',117,7,118),(2460,'\0',37,0,0,'2013-05-29 00:00:00',115,7,119),(2461,'\0',37,0,0,'2013-05-29 00:00:00',113,7,116),(2462,'\0',37,0,0,'2013-05-29 00:00:00',111,7,114),(2463,'\0',37,0,0,'2013-05-29 00:00:00',109,7,112),(2464,'\0',37,0,0,'2013-05-29 00:00:00',107,7,110),(2465,'\0',37,0,0,'2013-05-29 00:00:00',105,7,108),(2466,'\0',37,0,0,'2013-05-29 00:00:00',103,7,106),(2467,'\0',37,0,0,'2013-05-29 00:00:00',101,7,104),(2468,'\0',37,0,0,'2013-05-29 00:00:00',100,7,102),(2469,'\0',38,0,0,'2013-06-01 00:00:00',119,7,117),(2470,'\0',38,0,0,'2013-06-01 00:00:00',116,7,115),(2471,'\0',38,0,0,'2013-06-01 00:00:00',114,7,113),(2472,'\0',38,0,0,'2013-06-01 00:00:00',112,7,111),(2473,'\0',38,0,0,'2013-06-01 00:00:00',110,7,109),(2474,'\0',38,0,0,'2013-06-01 00:00:00',108,7,107),(2475,'\0',38,0,0,'2013-06-01 00:00:00',106,7,105),(2476,'\0',38,0,0,'2013-06-01 00:00:00',104,7,103),(2477,'\0',38,0,0,'2013-06-01 00:00:00',102,7,101),(2478,'\0',38,0,0,'2013-06-01 00:00:00',118,7,100),(2481,'\0',1,0,0,'2012-08-19 00:00:00',120,8,121),(2482,'\0',1,0,0,'2012-08-19 00:00:00',122,8,123),(2483,'\0',1,0,0,'2012-08-19 00:00:00',124,8,125),(2484,'\0',1,0,0,'2012-08-19 00:00:00',126,8,127),(2485,'\0',1,0,0,'2012-08-19 00:00:00',128,8,129),(2486,'\0',1,0,0,'2012-08-19 00:00:00',130,8,131),(2487,'\0',1,0,0,'2012-08-19 00:00:00',132,8,133),(2488,'\0',1,0,0,'2012-08-19 00:00:00',134,8,135),(2489,'\0',1,0,0,'2012-08-19 00:00:00',136,8,137),(2490,'\0',1,0,0,'2012-08-19 00:00:00',138,8,139),(2491,'\0',1,0,0,'2012-08-19 00:00:00',140,8,141),(2492,'\0',2,0,0,'2012-08-26 00:00:00',121,8,140),(2493,'\0',2,0,0,'2012-08-26 00:00:00',123,8,120),(2494,'\0',2,0,0,'2012-08-26 00:00:00',125,8,122),(2495,'\0',2,0,0,'2012-08-26 00:00:00',127,8,124),(2496,'\0',2,0,0,'2012-08-26 00:00:00',129,8,126),(2497,'\0',2,0,0,'2012-08-26 00:00:00',131,8,128),(2498,'\0',2,0,0,'2012-08-26 00:00:00',133,8,130),(2499,'\0',2,0,0,'2012-08-26 00:00:00',135,8,132),(2500,'\0',2,0,0,'2012-08-26 00:00:00',137,8,134),(2501,'\0',2,0,0,'2012-08-26 00:00:00',139,8,136),(2502,'\0',2,0,0,'2012-08-26 00:00:00',141,8,138),(2503,'\0',3,0,0,'2012-09-02 00:00:00',121,8,123),(2504,'\0',3,0,0,'2012-09-02 00:00:00',120,8,125),(2505,'\0',3,0,0,'2012-09-02 00:00:00',122,8,127),(2506,'\0',3,0,0,'2012-09-02 00:00:00',124,8,129),(2507,'\0',3,0,0,'2012-09-02 00:00:00',126,8,131),(2508,'\0',3,0,0,'2012-09-02 00:00:00',128,8,133),(2509,'\0',3,0,0,'2012-09-02 00:00:00',130,8,135),(2510,'\0',3,0,0,'2012-09-02 00:00:00',132,8,137),(2511,'\0',3,0,0,'2012-09-02 00:00:00',134,8,139),(2512,'\0',3,0,0,'2012-09-02 00:00:00',136,8,141),(2513,'\0',3,0,0,'2012-09-02 00:00:00',140,8,138),(2514,'\0',4,0,0,'2012-09-09 00:00:00',123,8,140),(2515,'\0',4,0,0,'2012-09-09 00:00:00',125,8,121),(2516,'\0',4,0,0,'2012-09-09 00:00:00',127,8,120),(2517,'\0',4,0,0,'2012-09-09 00:00:00',129,8,122),(2518,'\0',4,0,0,'2012-09-09 00:00:00',131,8,124),(2519,'\0',4,0,0,'2012-09-09 00:00:00',133,8,126),(2520,'\0',4,0,0,'2012-09-09 00:00:00',135,8,128),(2521,'\0',4,0,0,'2012-09-09 00:00:00',137,8,130),(2522,'\0',4,0,0,'2012-09-09 00:00:00',139,8,132),(2523,'\0',4,0,0,'2012-09-09 00:00:00',141,8,134),(2524,'\0',4,0,0,'2012-09-09 00:00:00',138,8,136),(2525,'\0',5,0,0,'2012-09-16 00:00:00',123,8,125),(2526,'\0',5,0,0,'2012-09-16 00:00:00',121,8,127),(2527,'\0',5,0,0,'2012-09-16 00:00:00',120,8,129),(2528,'\0',5,0,0,'2012-09-16 00:00:00',122,8,131),(2529,'\0',5,0,0,'2012-09-16 00:00:00',124,8,133),(2530,'\0',5,0,0,'2012-09-16 00:00:00',126,8,135),(2531,'\0',5,0,0,'2012-09-16 00:00:00',128,8,137),(2532,'\0',5,0,0,'2012-09-16 00:00:00',130,8,139),(2533,'\0',5,0,0,'2012-09-16 00:00:00',132,8,141),(2534,'\0',5,0,0,'2012-09-16 00:00:00',134,8,138),(2535,'\0',5,0,0,'2012-09-16 00:00:00',140,8,136),(2536,'\0',6,0,0,'2012-09-23 00:00:00',125,8,140),(2537,'\0',6,0,0,'2012-09-23 00:00:00',127,8,123),(2538,'\0',6,0,0,'2012-09-23 00:00:00',129,8,121),(2539,'\0',6,0,0,'2012-09-23 00:00:00',131,8,120),(2540,'\0',6,0,0,'2012-09-23 00:00:00',133,8,122),(2541,'\0',6,0,0,'2012-09-23 00:00:00',135,8,124),(2542,'\0',6,0,0,'2012-09-23 00:00:00',137,8,126),(2543,'\0',6,0,0,'2012-09-23 00:00:00',139,8,128),(2544,'\0',6,0,0,'2012-09-23 00:00:00',141,8,130),(2545,'\0',6,0,0,'2012-09-23 00:00:00',138,8,132),(2546,'\0',6,0,0,'2012-09-23 00:00:00',136,8,134),(2547,'\0',7,0,0,'2012-09-30 00:00:00',125,8,127),(2548,'\0',7,0,0,'2012-09-30 00:00:00',123,8,129),(2549,'\0',7,0,0,'2012-09-30 00:00:00',121,8,131),(2550,'\0',7,0,0,'2012-09-30 00:00:00',120,8,133),(2551,'\0',7,0,0,'2012-09-30 00:00:00',122,8,135),(2552,'\0',7,0,0,'2012-09-30 00:00:00',124,8,137),(2553,'\0',7,0,0,'2012-09-30 00:00:00',126,8,139),(2554,'\0',7,0,0,'2012-09-30 00:00:00',128,8,141),(2555,'\0',7,0,0,'2012-09-30 00:00:00',130,8,138),(2556,'\0',7,0,0,'2012-09-30 00:00:00',132,8,136),(2557,'\0',7,0,0,'2012-09-30 00:00:00',140,8,134),(2558,'\0',8,0,0,'2012-10-07 00:00:00',127,8,140),(2559,'\0',8,0,0,'2012-10-07 00:00:00',129,8,125),(2560,'\0',8,0,0,'2012-10-07 00:00:00',131,8,123),(2561,'\0',8,0,0,'2012-10-07 00:00:00',133,8,121),(2562,'\0',8,0,0,'2012-10-07 00:00:00',135,8,120),(2563,'\0',8,0,0,'2012-10-07 00:00:00',137,8,122),(2564,'\0',8,0,0,'2012-10-07 00:00:00',139,8,124),(2565,'\0',8,0,0,'2012-10-07 00:00:00',141,8,126),(2566,'\0',8,0,0,'2012-10-07 00:00:00',138,8,128),(2567,'\0',8,0,0,'2012-10-07 00:00:00',136,8,130),(2568,'\0',8,0,0,'2012-10-07 00:00:00',134,8,132),(2569,'\0',9,0,0,'2012-10-14 00:00:00',127,8,129),(2570,'\0',9,0,0,'2012-10-14 00:00:00',125,8,131),(2571,'\0',9,0,0,'2012-10-14 00:00:00',123,8,133),(2572,'\0',9,0,0,'2012-10-14 00:00:00',121,8,135),(2573,'\0',9,0,0,'2012-10-14 00:00:00',120,8,137),(2574,'\0',9,0,0,'2012-10-14 00:00:00',122,8,139),(2575,'\0',9,0,0,'2012-10-14 00:00:00',124,8,141),(2576,'\0',9,0,0,'2012-10-14 00:00:00',126,8,138),(2577,'\0',9,0,0,'2012-10-14 00:00:00',128,8,136),(2578,'\0',9,0,0,'2012-10-14 00:00:00',130,8,134),(2579,'\0',9,0,0,'2012-10-14 00:00:00',140,8,132),(2580,'\0',10,0,0,'2012-10-21 00:00:00',129,8,140),(2581,'\0',10,0,0,'2012-10-21 00:00:00',131,8,127),(2582,'\0',10,0,0,'2012-10-21 00:00:00',133,8,125),(2583,'\0',10,0,0,'2012-10-21 00:00:00',135,8,123),(2584,'\0',10,0,0,'2012-10-21 00:00:00',137,8,121),(2585,'\0',10,0,0,'2012-10-21 00:00:00',139,8,120),(2586,'\0',10,0,0,'2012-10-21 00:00:00',141,8,122),(2587,'\0',10,0,0,'2012-10-21 00:00:00',138,8,124),(2588,'\0',10,0,0,'2012-10-21 00:00:00',136,8,126),(2589,'\0',10,0,0,'2012-10-21 00:00:00',134,8,128),(2590,'\0',10,0,0,'2012-10-21 00:00:00',132,8,130),(2591,'\0',11,0,0,'2012-10-28 00:00:00',129,8,131),(2592,'\0',11,0,0,'2012-10-28 00:00:00',127,8,133),(2593,'\0',11,0,0,'2012-10-28 00:00:00',125,8,135),(2594,'\0',11,0,0,'2012-10-28 00:00:00',123,8,137),(2595,'\0',11,0,0,'2012-10-28 00:00:00',121,8,139),(2596,'\0',11,0,0,'2012-10-28 00:00:00',120,8,141),(2597,'\0',11,0,0,'2012-10-28 00:00:00',122,8,138),(2598,'\0',11,0,0,'2012-10-28 00:00:00',124,8,136),(2599,'\0',11,0,0,'2012-10-28 00:00:00',126,8,134),(2600,'\0',11,0,0,'2012-10-28 00:00:00',128,8,132),(2601,'\0',11,0,0,'2012-10-28 00:00:00',140,8,130),(2602,'\0',12,0,0,'2012-11-04 00:00:00',131,8,140),(2603,'\0',12,0,0,'2012-11-04 00:00:00',133,8,129),(2604,'\0',12,0,0,'2012-11-04 00:00:00',135,8,127),(2605,'\0',12,0,0,'2012-11-04 00:00:00',137,8,125),(2606,'\0',12,0,0,'2012-11-04 00:00:00',139,8,123),(2607,'\0',12,0,0,'2012-11-04 00:00:00',141,8,121),(2608,'\0',12,0,0,'2012-11-04 00:00:00',138,8,120),(2609,'\0',12,0,0,'2012-11-04 00:00:00',136,8,122),(2610,'\0',12,0,0,'2012-11-04 00:00:00',134,8,124),(2611,'\0',12,0,0,'2012-11-04 00:00:00',132,8,126),(2612,'\0',12,0,0,'2012-11-04 00:00:00',130,8,128),(2613,'\0',13,0,0,'2012-11-11 00:00:00',131,8,133),(2614,'\0',13,0,0,'2012-11-11 00:00:00',129,8,135),(2615,'\0',13,0,0,'2012-11-11 00:00:00',127,8,137),(2616,'\0',13,0,0,'2012-11-11 00:00:00',125,8,139),(2617,'\0',13,0,0,'2012-11-11 00:00:00',123,8,141),(2618,'\0',13,0,0,'2012-11-11 00:00:00',121,8,138),(2619,'\0',13,0,0,'2012-11-11 00:00:00',120,8,136),(2620,'\0',13,0,0,'2012-11-11 00:00:00',122,8,134),(2621,'\0',13,0,0,'2012-11-11 00:00:00',124,8,132),(2622,'\0',13,0,0,'2012-11-11 00:00:00',126,8,130),(2623,'\0',13,0,0,'2012-11-11 00:00:00',140,8,128),(2624,'\0',14,0,0,'2012-11-18 00:00:00',133,8,140),(2625,'\0',14,0,0,'2012-11-18 00:00:00',135,8,131),(2626,'\0',14,0,0,'2012-11-18 00:00:00',137,8,129),(2627,'\0',14,0,0,'2012-11-18 00:00:00',139,8,127),(2628,'\0',14,0,0,'2012-11-18 00:00:00',141,8,125),(2629,'\0',14,0,0,'2012-11-18 00:00:00',138,8,123),(2630,'\0',14,0,0,'2012-11-18 00:00:00',136,8,121),(2631,'\0',14,0,0,'2012-11-18 00:00:00',134,8,120),(2632,'\0',14,0,0,'2012-11-18 00:00:00',132,8,122),(2633,'\0',14,0,0,'2012-11-18 00:00:00',130,8,124),(2634,'\0',14,0,0,'2012-11-18 00:00:00',128,8,126),(2635,'\0',15,0,0,'2012-11-25 00:00:00',133,8,135),(2636,'\0',15,0,0,'2012-11-25 00:00:00',131,8,137),(2637,'\0',15,0,0,'2012-11-25 00:00:00',129,8,139),(2638,'\0',15,0,0,'2012-11-25 00:00:00',127,8,141),(2639,'\0',15,0,0,'2012-11-25 00:00:00',125,8,138),(2640,'\0',15,0,0,'2012-11-25 00:00:00',123,8,136),(2641,'\0',15,0,0,'2012-11-25 00:00:00',121,8,134),(2642,'\0',15,0,0,'2012-11-25 00:00:00',120,8,132),(2643,'\0',15,0,0,'2012-11-25 00:00:00',122,8,130),(2644,'\0',15,0,0,'2012-11-25 00:00:00',124,8,128),(2645,'\0',15,0,0,'2012-11-25 00:00:00',140,8,126),(2646,'\0',16,0,0,'2012-12-02 00:00:00',135,8,140),(2647,'\0',16,0,0,'2012-12-02 00:00:00',137,8,133),(2648,'\0',16,0,0,'2012-12-02 00:00:00',139,8,131),(2649,'\0',16,0,0,'2012-12-02 00:00:00',141,8,129),(2650,'\0',16,0,0,'2012-12-02 00:00:00',138,8,127),(2651,'\0',16,0,0,'2012-12-02 00:00:00',136,8,125),(2652,'\0',16,0,0,'2012-12-02 00:00:00',134,8,123),(2653,'\0',16,0,0,'2012-12-02 00:00:00',132,8,121),(2654,'\0',16,0,0,'2012-12-02 00:00:00',130,8,120),(2655,'\0',16,0,0,'2012-12-02 00:00:00',128,8,122),(2656,'\0',16,0,0,'2012-12-02 00:00:00',126,8,124),(2657,'\0',17,0,0,'2012-12-09 00:00:00',135,8,137),(2658,'\0',17,0,0,'2012-12-09 00:00:00',133,8,139),(2659,'\0',17,0,0,'2012-12-09 00:00:00',131,8,141),(2660,'\0',17,0,0,'2012-12-09 00:00:00',129,8,138),(2661,'\0',17,0,0,'2012-12-09 00:00:00',127,8,136),(2662,'\0',17,0,0,'2012-12-09 00:00:00',125,8,134),(2663,'\0',17,0,0,'2012-12-09 00:00:00',123,8,132),(2664,'\0',17,0,0,'2012-12-09 00:00:00',121,8,130),(2665,'\0',17,0,0,'2012-12-09 00:00:00',120,8,128),(2666,'\0',17,0,0,'2012-12-09 00:00:00',122,8,126),(2667,'\0',17,0,0,'2012-12-09 00:00:00',140,8,124),(2668,'\0',18,0,0,'2012-12-16 00:00:00',137,8,140),(2669,'\0',18,0,0,'2012-12-16 00:00:00',139,8,135),(2670,'\0',18,0,0,'2012-12-16 00:00:00',141,8,133),(2671,'\0',18,0,0,'2012-12-16 00:00:00',138,8,131),(2672,'\0',18,0,0,'2012-12-16 00:00:00',136,8,129),(2673,'\0',18,0,0,'2012-12-16 00:00:00',134,8,127),(2674,'\0',18,0,0,'2012-12-16 00:00:00',132,8,125),(2675,'\0',18,0,0,'2012-12-16 00:00:00',130,8,123),(2676,'\0',18,0,0,'2012-12-16 00:00:00',128,8,121),(2677,'\0',18,0,0,'2012-12-16 00:00:00',126,8,120),(2678,'\0',18,0,0,'2012-12-16 00:00:00',124,8,122),(2679,'\0',19,0,0,'2012-12-22 00:00:00',137,8,139),(2680,'\0',19,0,0,'2012-12-22 00:00:00',135,8,141),(2681,'\0',19,0,0,'2012-12-22 00:00:00',133,8,138),(2682,'\0',19,0,0,'2012-12-22 00:00:00',131,8,136),(2683,'\0',19,0,0,'2012-12-22 00:00:00',129,8,134),(2684,'\0',19,0,0,'2012-12-22 00:00:00',127,8,132),(2685,'\0',19,0,0,'2012-12-22 00:00:00',125,8,130),(2686,'\0',19,0,0,'2012-12-22 00:00:00',123,8,128),(2687,'\0',19,0,0,'2012-12-22 00:00:00',121,8,126),(2688,'\0',19,0,0,'2012-12-22 00:00:00',120,8,124),(2689,'\0',19,0,0,'2012-12-22 00:00:00',140,8,122),(2690,'\0',20,0,0,'2013-01-06 00:00:00',140,8,139),(2691,'\0',20,0,0,'2013-01-06 00:00:00',141,8,137),(2692,'\0',20,0,0,'2013-01-06 00:00:00',138,8,135),(2693,'\0',20,0,0,'2013-01-06 00:00:00',136,8,133),(2694,'\0',20,0,0,'2013-01-06 00:00:00',134,8,131),(2695,'\0',20,0,0,'2013-01-06 00:00:00',132,8,129),(2696,'\0',20,0,0,'2013-01-06 00:00:00',130,8,127),(2697,'\0',20,0,0,'2013-01-06 00:00:00',128,8,125),(2698,'\0',20,0,0,'2013-01-06 00:00:00',126,8,123),(2699,'\0',20,0,0,'2013-01-06 00:00:00',124,8,121),(2700,'\0',20,0,0,'2013-01-06 00:00:00',122,8,120),(2701,'\0',21,0,0,'2013-01-13 00:00:00',139,8,141),(2702,'\0',21,0,0,'2013-01-13 00:00:00',137,8,138),(2703,'\0',21,0,0,'2013-01-13 00:00:00',135,8,136),(2704,'\0',21,0,0,'2013-01-13 00:00:00',133,8,134),(2705,'\0',21,0,0,'2013-01-13 00:00:00',131,8,132),(2706,'\0',21,0,0,'2013-01-13 00:00:00',129,8,130),(2707,'\0',21,0,0,'2013-01-13 00:00:00',127,8,128),(2708,'\0',21,0,0,'2013-01-13 00:00:00',125,8,126),(2709,'\0',21,0,0,'2013-01-13 00:00:00',123,8,124),(2710,'\0',21,0,0,'2013-01-13 00:00:00',121,8,122),(2711,'\0',21,0,0,'2013-01-13 00:00:00',120,8,140),(2712,'\0',22,0,0,'2013-01-20 00:00:00',121,8,120),(2713,'\0',22,0,0,'2013-01-20 00:00:00',123,8,122),(2714,'\0',22,0,0,'2013-01-20 00:00:00',125,8,124),(2715,'\0',22,0,0,'2013-01-20 00:00:00',127,8,126),(2716,'\0',22,0,0,'2013-01-20 00:00:00',129,8,128),(2717,'\0',22,0,0,'2013-01-20 00:00:00',131,8,130),(2718,'\0',22,0,0,'2013-01-20 00:00:00',133,8,132),(2719,'\0',22,0,0,'2013-01-20 00:00:00',135,8,134),(2720,'\0',22,0,0,'2013-01-20 00:00:00',137,8,136),(2721,'\0',22,0,0,'2013-01-20 00:00:00',139,8,138),(2722,'\0',22,0,0,'2013-01-20 00:00:00',141,8,140),(2723,'\0',23,0,0,'2013-01-27 00:00:00',140,8,121),(2724,'\0',23,0,0,'2013-01-27 00:00:00',120,8,123),(2725,'\0',23,0,0,'2013-01-27 00:00:00',122,8,125),(2726,'\0',23,0,0,'2013-01-27 00:00:00',124,8,127),(2727,'\0',23,0,0,'2013-01-27 00:00:00',126,8,129),(2728,'\0',23,0,0,'2013-01-27 00:00:00',128,8,131),(2729,'\0',23,0,0,'2013-01-27 00:00:00',130,8,133),(2730,'\0',23,0,0,'2013-01-27 00:00:00',132,8,135),(2731,'\0',23,0,0,'2013-01-27 00:00:00',134,8,137),(2732,'\0',23,0,0,'2013-01-27 00:00:00',136,8,139),(2733,'\0',23,0,0,'2013-01-27 00:00:00',138,8,141),(2734,'\0',24,0,0,'2013-02-03 00:00:00',123,8,121),(2735,'\0',24,0,0,'2013-02-03 00:00:00',125,8,120),(2736,'\0',24,0,0,'2013-02-03 00:00:00',127,8,122),(2737,'\0',24,0,0,'2013-02-03 00:00:00',129,8,124),(2738,'\0',24,0,0,'2013-02-03 00:00:00',131,8,126),(2739,'\0',24,0,0,'2013-02-03 00:00:00',133,8,128),(2740,'\0',24,0,0,'2013-02-03 00:00:00',135,8,130),(2741,'\0',24,0,0,'2013-02-03 00:00:00',137,8,132),(2742,'\0',24,0,0,'2013-02-03 00:00:00',139,8,134),(2743,'\0',24,0,0,'2013-02-03 00:00:00',141,8,136),(2744,'\0',24,0,0,'2013-02-03 00:00:00',138,8,140),(2745,'\0',25,0,0,'2013-02-10 00:00:00',140,8,123),(2746,'\0',25,0,0,'2013-02-10 00:00:00',121,8,125),(2747,'\0',25,0,0,'2013-02-10 00:00:00',120,8,127),(2748,'\0',25,0,0,'2013-02-10 00:00:00',122,8,129),(2749,'\0',25,0,0,'2013-02-10 00:00:00',124,8,131),(2750,'\0',25,0,0,'2013-02-10 00:00:00',126,8,133),(2751,'\0',25,0,0,'2013-02-10 00:00:00',128,8,135),(2752,'\0',25,0,0,'2013-02-10 00:00:00',130,8,137),(2753,'\0',25,0,0,'2013-02-10 00:00:00',132,8,139),(2754,'\0',25,0,0,'2013-02-10 00:00:00',134,8,141),(2755,'\0',25,0,0,'2013-02-10 00:00:00',136,8,138),(2756,'\0',26,0,0,'2013-02-17 00:00:00',125,8,123),(2757,'\0',26,0,0,'2013-02-17 00:00:00',127,8,121),(2758,'\0',26,0,0,'2013-02-17 00:00:00',129,8,120),(2759,'\0',26,0,0,'2013-02-17 00:00:00',131,8,122),(2760,'\0',26,0,0,'2013-02-17 00:00:00',133,8,124),(2761,'\0',26,0,0,'2013-02-17 00:00:00',135,8,126),(2762,'\0',26,0,0,'2013-02-17 00:00:00',137,8,128),(2763,'\0',26,0,0,'2013-02-17 00:00:00',139,8,130),(2764,'\0',26,0,0,'2013-02-17 00:00:00',141,8,132),(2765,'\0',26,0,0,'2013-02-17 00:00:00',138,8,134),(2766,'\0',26,0,0,'2013-02-17 00:00:00',136,8,140),(2767,'\0',27,0,0,'2013-02-24 00:00:00',140,8,125),(2768,'\0',27,0,0,'2013-02-24 00:00:00',123,8,127),(2769,'\0',27,0,0,'2013-02-24 00:00:00',121,8,129),(2770,'\0',27,0,0,'2013-02-24 00:00:00',120,8,131),(2771,'\0',27,0,0,'2013-02-24 00:00:00',122,8,133),(2772,'\0',27,0,0,'2013-02-24 00:00:00',124,8,135),(2773,'\0',27,0,0,'2013-02-24 00:00:00',126,8,137),(2774,'\0',27,0,0,'2013-02-24 00:00:00',128,8,139),(2775,'\0',27,0,0,'2013-02-24 00:00:00',130,8,141),(2776,'\0',27,0,0,'2013-02-24 00:00:00',132,8,138),(2777,'\0',27,0,0,'2013-02-24 00:00:00',134,8,136),(2778,'\0',28,0,0,'2013-03-03 00:00:00',127,8,125),(2779,'\0',28,0,0,'2013-03-03 00:00:00',129,8,123),(2780,'\0',28,0,0,'2013-03-03 00:00:00',131,8,121),(2781,'\0',28,0,0,'2013-03-03 00:00:00',133,8,120),(2782,'\0',28,0,0,'2013-03-03 00:00:00',135,8,122),(2783,'\0',28,0,0,'2013-03-03 00:00:00',137,8,124),(2784,'\0',28,0,0,'2013-03-03 00:00:00',139,8,126),(2785,'\0',28,0,0,'2013-03-03 00:00:00',141,8,128),(2786,'\0',28,0,0,'2013-03-03 00:00:00',138,8,130),(2787,'\0',28,0,0,'2013-03-03 00:00:00',136,8,132),(2788,'\0',28,0,0,'2013-03-03 00:00:00',134,8,140),(2789,'\0',29,0,0,'2013-03-10 00:00:00',140,8,127),(2790,'\0',29,0,0,'2013-03-10 00:00:00',125,8,129),(2791,'\0',29,0,0,'2013-03-10 00:00:00',123,8,131),(2792,'\0',29,0,0,'2013-03-10 00:00:00',121,8,133),(2793,'\0',29,0,0,'2013-03-10 00:00:00',120,8,135),(2794,'\0',29,0,0,'2013-03-10 00:00:00',122,8,137),(2795,'\0',29,0,0,'2013-03-10 00:00:00',124,8,139),(2796,'\0',29,0,0,'2013-03-10 00:00:00',126,8,141),(2797,'\0',29,0,0,'2013-03-10 00:00:00',128,8,138),(2798,'\0',29,0,0,'2013-03-10 00:00:00',130,8,136),(2799,'\0',29,0,0,'2013-03-10 00:00:00',132,8,134),(2800,'\0',30,0,0,'2013-03-17 00:00:00',129,8,127),(2801,'\0',30,0,0,'2013-03-17 00:00:00',131,8,125),(2802,'\0',30,0,0,'2013-03-17 00:00:00',133,8,123),(2803,'\0',30,0,0,'2013-03-17 00:00:00',135,8,121),(2804,'\0',30,0,0,'2013-03-17 00:00:00',137,8,120),(2805,'\0',30,0,0,'2013-03-17 00:00:00',139,8,122),(2806,'\0',30,0,0,'2013-03-17 00:00:00',141,8,124),(2807,'\0',30,0,0,'2013-03-17 00:00:00',138,8,126),(2808,'\0',30,0,0,'2013-03-17 00:00:00',136,8,128),(2809,'\0',30,0,0,'2013-03-17 00:00:00',134,8,130),(2810,'\0',30,0,0,'2013-03-17 00:00:00',132,8,140),(2811,'\0',31,0,0,'2013-03-24 00:00:00',140,8,129),(2812,'\0',31,0,0,'2013-03-24 00:00:00',127,8,131),(2813,'\0',31,0,0,'2013-03-24 00:00:00',125,8,133),(2814,'\0',31,0,0,'2013-03-24 00:00:00',123,8,135),(2815,'\0',31,0,0,'2013-03-24 00:00:00',121,8,137),(2816,'\0',31,0,0,'2013-03-24 00:00:00',120,8,139),(2817,'\0',31,0,0,'2013-03-24 00:00:00',122,8,141),(2818,'\0',31,0,0,'2013-03-24 00:00:00',124,8,138),(2819,'\0',31,0,0,'2013-03-24 00:00:00',126,8,136),(2820,'\0',31,0,0,'2013-03-24 00:00:00',128,8,134),(2821,'\0',31,0,0,'2013-03-24 00:00:00',130,8,132),(2822,'\0',32,0,0,'2013-03-31 00:00:00',131,8,129),(2823,'\0',32,0,0,'2013-03-31 00:00:00',133,8,127),(2824,'\0',32,0,0,'2013-03-31 00:00:00',135,8,125),(2825,'\0',32,0,0,'2013-03-31 00:00:00',137,8,123),(2826,'\0',32,0,0,'2013-03-31 00:00:00',139,8,121),(2827,'\0',32,0,0,'2013-03-31 00:00:00',141,8,120),(2828,'\0',32,0,0,'2013-03-31 00:00:00',138,8,122),(2829,'\0',32,0,0,'2013-03-31 00:00:00',136,8,124),(2830,'\0',32,0,0,'2013-03-31 00:00:00',134,8,126),(2831,'\0',32,0,0,'2013-03-31 00:00:00',132,8,128),(2832,'\0',32,0,0,'2013-03-31 00:00:00',130,8,140),(2833,'\0',33,0,0,'2013-04-07 00:00:00',140,8,131),(2834,'\0',33,0,0,'2013-04-07 00:00:00',129,8,133),(2835,'\0',33,0,0,'2013-04-07 00:00:00',127,8,135),(2836,'\0',33,0,0,'2013-04-07 00:00:00',125,8,137),(2837,'\0',33,0,0,'2013-04-07 00:00:00',123,8,139),(2838,'\0',33,0,0,'2013-04-07 00:00:00',121,8,141),(2839,'\0',33,0,0,'2013-04-07 00:00:00',120,8,138),(2840,'\0',33,0,0,'2013-04-07 00:00:00',122,8,136),(2841,'\0',33,0,0,'2013-04-07 00:00:00',124,8,134),(2842,'\0',33,0,0,'2013-04-07 00:00:00',126,8,132),(2843,'\0',33,0,0,'2013-04-07 00:00:00',128,8,130),(2844,'\0',34,0,0,'2013-04-14 00:00:00',133,8,131),(2845,'\0',34,0,0,'2013-04-14 00:00:00',135,8,129),(2846,'\0',34,0,0,'2013-04-14 00:00:00',137,8,127),(2847,'\0',34,0,0,'2013-04-14 00:00:00',139,8,125),(2848,'\0',34,0,0,'2013-04-14 00:00:00',141,8,123),(2849,'\0',34,0,0,'2013-04-14 00:00:00',138,8,121),(2850,'\0',34,0,0,'2013-04-14 00:00:00',136,8,120),(2851,'\0',34,0,0,'2013-04-14 00:00:00',134,8,122),(2852,'\0',34,0,0,'2013-04-14 00:00:00',132,8,124),(2853,'\0',34,0,0,'2013-04-14 00:00:00',130,8,126),(2854,'\0',34,0,0,'2013-04-14 00:00:00',128,8,140),(2855,'\0',35,0,0,'2013-04-21 00:00:00',140,8,133),(2856,'\0',35,0,0,'2013-04-21 00:00:00',131,8,135),(2857,'\0',35,0,0,'2013-04-21 00:00:00',129,8,137),(2858,'\0',35,0,0,'2013-04-21 00:00:00',127,8,139),(2859,'\0',35,0,0,'2013-04-21 00:00:00',125,8,141),(2860,'\0',35,0,0,'2013-04-21 00:00:00',123,8,138),(2861,'\0',35,0,0,'2013-04-21 00:00:00',121,8,136),(2862,'\0',35,0,0,'2013-04-21 00:00:00',120,8,134),(2863,'\0',35,0,0,'2013-04-21 00:00:00',122,8,132),(2864,'\0',35,0,0,'2013-04-21 00:00:00',124,8,130),(2865,'\0',35,0,0,'2013-04-21 00:00:00',126,8,128),(2866,'\0',36,0,0,'2013-04-28 00:00:00',135,8,133),(2867,'\0',36,0,0,'2013-04-28 00:00:00',137,8,131),(2868,'\0',36,0,0,'2013-04-28 00:00:00',139,8,129),(2869,'\0',36,0,0,'2013-04-28 00:00:00',141,8,127),(2870,'\0',36,0,0,'2013-04-28 00:00:00',138,8,125),(2871,'\0',36,0,0,'2013-04-28 00:00:00',136,8,123),(2872,'\0',36,0,0,'2013-04-28 00:00:00',134,8,121),(2873,'\0',36,0,0,'2013-04-28 00:00:00',132,8,120),(2874,'\0',36,0,0,'2013-04-28 00:00:00',130,8,122),(2875,'\0',36,0,0,'2013-04-28 00:00:00',128,8,124),(2876,'\0',36,0,0,'2013-04-28 00:00:00',126,8,140),(2877,'\0',37,0,0,'2013-05-05 00:00:00',140,8,135),(2878,'\0',37,0,0,'2013-05-05 00:00:00',133,8,137),(2879,'\0',37,0,0,'2013-05-05 00:00:00',131,8,139),(2880,'\0',37,0,0,'2013-05-05 00:00:00',129,8,141),(2881,'\0',37,0,0,'2013-05-05 00:00:00',127,8,138),(2882,'\0',37,0,0,'2013-05-05 00:00:00',125,8,136),(2883,'\0',37,0,0,'2013-05-05 00:00:00',123,8,134),(2884,'\0',37,0,0,'2013-05-05 00:00:00',121,8,132),(2885,'\0',37,0,0,'2013-05-05 00:00:00',120,8,130),(2886,'\0',37,0,0,'2013-05-05 00:00:00',122,8,128),(2887,'\0',37,0,0,'2013-05-05 00:00:00',124,8,126),(2888,'\0',38,0,0,'2013-05-12 00:00:00',137,8,135),(2889,'\0',38,0,0,'2013-05-12 00:00:00',139,8,133),(2890,'\0',38,0,0,'2013-05-12 00:00:00',141,8,131),(2891,'\0',38,0,0,'2013-05-12 00:00:00',138,8,129),(2892,'\0',38,0,0,'2013-05-12 00:00:00',136,8,127),(2893,'\0',38,0,0,'2013-05-12 00:00:00',134,8,125),(2894,'\0',38,0,0,'2013-05-12 00:00:00',132,8,123),(2895,'\0',38,0,0,'2013-05-12 00:00:00',130,8,121),(2896,'\0',38,0,0,'2013-05-12 00:00:00',128,8,120),(2897,'\0',38,0,0,'2013-05-12 00:00:00',126,8,122),(2898,'\0',38,0,0,'2013-05-12 00:00:00',124,8,140),(2899,'\0',39,0,0,'2013-05-19 00:00:00',140,8,137),(2900,'\0',39,0,0,'2013-05-19 00:00:00',135,8,139),(2901,'\0',39,0,0,'2013-05-19 00:00:00',133,8,141),(2902,'\0',39,0,0,'2013-05-19 00:00:00',131,8,138),(2903,'\0',39,0,0,'2013-05-19 00:00:00',129,8,136),(2904,'\0',39,0,0,'2013-05-19 00:00:00',127,8,134),(2905,'\0',39,0,0,'2013-05-19 00:00:00',125,8,132),(2906,'\0',39,0,0,'2013-05-19 00:00:00',123,8,130),(2907,'\0',39,0,0,'2013-05-19 00:00:00',121,8,128),(2908,'\0',39,0,0,'2013-05-19 00:00:00',120,8,126),(2909,'\0',39,0,0,'2013-05-19 00:00:00',122,8,124),(2910,'\0',40,0,0,'2013-05-26 00:00:00',139,8,137),(2911,'\0',40,0,0,'2013-05-26 00:00:00',141,8,135),(2912,'\0',40,0,0,'2013-05-26 00:00:00',138,8,133),(2913,'\0',40,0,0,'2013-05-26 00:00:00',136,8,131),(2914,'\0',40,0,0,'2013-05-26 00:00:00',134,8,129),(2915,'\0',40,0,0,'2013-05-26 00:00:00',132,8,127),(2916,'\0',40,0,0,'2013-05-26 00:00:00',130,8,125),(2917,'\0',40,0,0,'2013-05-26 00:00:00',128,8,123),(2918,'\0',40,0,0,'2013-05-26 00:00:00',126,8,121),(2919,'\0',40,0,0,'2013-05-26 00:00:00',124,8,120),(2920,'\0',40,0,0,'2013-05-26 00:00:00',122,8,140),(2921,'\0',41,0,0,'2013-06-02 00:00:00',139,8,140),(2922,'\0',41,0,0,'2013-06-02 00:00:00',137,8,141),(2923,'\0',41,0,0,'2013-06-02 00:00:00',135,8,138),(2924,'\0',41,0,0,'2013-06-02 00:00:00',133,8,136),(2925,'\0',41,0,0,'2013-06-02 00:00:00',131,8,134),(2926,'\0',41,0,0,'2013-06-02 00:00:00',129,8,132),(2927,'\0',41,0,0,'2013-06-02 00:00:00',127,8,130),(2928,'\0',41,0,0,'2013-06-02 00:00:00',125,8,128),(2929,'\0',41,0,0,'2013-06-02 00:00:00',123,8,126),(2930,'\0',41,0,0,'2013-06-02 00:00:00',121,8,124),(2931,'\0',41,0,0,'2013-06-02 00:00:00',120,8,122),(2932,'\0',42,0,0,'2013-06-09 00:00:00',141,8,139),(2933,'\0',42,0,0,'2013-06-09 00:00:00',138,8,137),(2934,'\0',42,0,0,'2013-06-09 00:00:00',136,8,135),(2935,'\0',42,0,0,'2013-06-09 00:00:00',134,8,133),(2936,'\0',42,0,0,'2013-06-09 00:00:00',132,8,131),(2937,'\0',42,0,0,'2013-06-09 00:00:00',130,8,129),(2938,'\0',42,0,0,'2013-06-09 00:00:00',128,8,127),(2939,'\0',42,0,0,'2013-06-09 00:00:00',126,8,125),(2940,'\0',42,0,0,'2013-06-09 00:00:00',124,8,123),(2941,'\0',42,0,0,'2013-06-09 00:00:00',122,8,121),(2942,'\0',42,0,0,'2013-06-09 00:00:00',140,8,120),(2943,'',1,1,1,'2012-07-06 00:00:00',148,9,152),(2944,'',1,3,3,'2012-07-07 00:00:00',157,9,143),(2945,'',1,0,0,'2012-07-07 00:00:00',156,9,158),(2946,'',1,1,1,'2012-07-07 00:00:00',153,9,149),(2947,'',1,0,0,'2012-07-07 00:00:00',159,9,145),(2948,'',1,0,1,'2012-07-08 00:00:00',147,9,146),(2949,'',1,0,1,'2012-07-08 00:00:00',154,9,151),(2950,'\0',1,0,0,'2012-08-15 00:00:00',142,9,150),(2951,'\0',1,0,0,'2012-09-04 00:00:00',144,9,155),(2952,'',2,2,2,'2012-07-13 00:00:00',143,9,156),(2953,'',2,2,1,'2012-07-13 00:00:00',147,9,142),(2954,'',2,2,1,'2012-07-14 00:00:00',145,9,157),(2955,'',2,1,0,'2012-07-14 00:00:00',158,9,144),(2956,'',2,3,2,'2012-07-14 00:00:00',154,9,153),(2957,'',2,1,1,'2012-07-14 00:00:00',149,9,151),(2958,'',2,1,1,'2012-07-15 00:00:00',150,9,146),(2959,'',2,1,0,'2012-07-15 00:00:00',152,9,159),(2960,'',2,5,2,'2012-07-16 00:00:00',155,9,148),(2961,'',3,0,2,'2012-07-20 00:00:00',156,9,142),(2962,'',3,1,3,'2012-07-21 00:00:00',150,9,157),(2963,'',3,1,0,'2012-07-21 00:00:00',151,9,158),(2964,'',3,1,2,'2012-07-21 00:00:00',144,9,143),(2965,'',3,0,0,'2012-07-21 00:00:00',147,9,155),(2966,'',3,2,2,'2012-07-21 00:00:00',153,9,152),(2967,'',3,2,1,'2012-07-21 00:00:00',148,9,149),(2968,'',3,1,2,'2012-07-22 00:00:00',146,9,145),(2969,'',3,0,1,'2012-07-22 00:00:00',159,9,154),(2970,'',4,5,0,'2012-07-27 00:00:00',152,9,147),(2971,'',4,2,2,'2012-07-28 00:00:00',142,9,154),(2972,'',4,1,1,'2012-07-28 00:00:00',145,9,156),(2973,'',4,3,1,'2012-07-28 00:00:00',157,9,159),(2974,'',4,4,1,'2012-07-28 00:00:00',143,9,153),(2975,'',4,0,1,'2012-07-28 00:00:00',149,9,144),(2976,'',4,1,1,'2012-07-29 00:00:00',158,9,146),(2977,'',4,2,1,'2012-07-29 00:00:00',150,9,148),(2978,'\0',4,0,0,'2012-08-08 00:00:00',155,9,151),(2979,'\0',5,0,0,'2012-08-03 00:00:00',159,9,142),(2980,'\0',5,0,0,'2012-08-04 00:00:00',151,9,143),(2981,'\0',5,0,0,'2012-08-04 00:00:00',144,9,152),(2982,'\0',5,0,0,'2012-08-04 00:00:00',153,9,148),(2983,'\0',5,0,0,'2012-08-04 00:00:00',149,9,147),(2984,'\0',5,0,0,'2012-08-05 00:00:00',158,9,145),(2985,'\0',5,0,0,'2012-08-05 00:00:00',156,9,146),(2986,'\0',5,0,0,'2012-08-05 00:00:00',154,9,157),(2987,'\0',5,0,0,'2012-08-29 00:00:00',155,9,150),(2988,'\0',6,0,0,'2012-08-10 00:00:00',143,9,147),(2989,'\0',6,0,0,'2012-08-11 00:00:00',157,9,151),(2990,'\0',6,0,0,'2012-08-11 00:00:00',145,9,155),(2991,'\0',6,0,0,'2012-08-11 00:00:00',149,9,159),(2992,'\0',6,0,0,'2012-08-11 00:00:00',146,9,153),(2993,'\0',6,0,0,'2012-08-11 00:00:00',148,9,144),(2994,'\0',6,0,0,'2012-08-12 00:00:00',142,9,158),(2995,'\0',6,0,0,'2012-08-12 00:00:00',150,9,156),(2996,'\0',6,0,0,'2012-08-12 00:00:00',152,9,154),(2997,'\0',7,0,0,'2012-08-17 00:00:00',149,9,157),(2998,'\0',7,0,0,'2012-08-18 00:00:00',151,9,152),(2999,'\0',7,0,0,'2012-08-18 00:00:00',148,9,146),(3000,'\0',7,0,0,'2012-08-18 00:00:00',158,9,159),(3001,'\0',7,0,0,'2012-08-18 00:00:00',153,9,142),(3002,'\0',7,0,0,'2012-08-19 00:00:00',147,9,145),(3003,'\0',7,0,0,'2012-08-19 00:00:00',144,9,156),(3004,'\0',7,0,0,'2012-08-19 00:00:00',154,9,150),(3005,'\0',7,0,0,'2012-08-19 00:00:00',155,9,143),(3006,'\0',8,0,0,'2012-08-24 00:00:00',150,9,147),(3007,'\0',8,0,0,'2012-08-25 00:00:00',157,9,155),(3008,'\0',8,0,0,'2012-08-25 00:00:00',145,9,151),(3009,'\0',8,0,0,'2012-08-25 00:00:00',159,9,153),(3010,'\0',8,0,0,'2012-08-25 00:00:00',156,9,148),(3011,'\0',8,0,0,'2012-08-25 00:00:00',152,9,143),(3012,'\0',8,0,0,'2012-08-26 00:00:00',142,9,149),(3013,'\0',8,0,0,'2012-08-26 00:00:00',154,9,158),(3014,'\0',8,0,0,'2012-08-26 00:00:00',146,9,144),(3015,'\0',9,0,0,'2012-08-31 00:00:00',143,9,145),(3016,'\0',9,0,0,'2012-09-01 00:00:00',153,9,156),(3017,'\0',9,0,0,'2012-09-01 00:00:00',147,9,154),(3018,'\0',9,0,0,'2012-09-01 00:00:00',144,9,142),(3019,'\0',9,0,0,'2012-09-01 00:00:00',155,9,159),(3020,'\0',9,0,0,'2012-09-01 00:00:00',148,9,157),(3021,'\0',9,0,0,'2012-09-02 00:00:00',158,9,150),(3022,'\0',9,0,0,'2012-09-02 00:00:00',149,9,152),(3023,'\0',9,0,0,'2012-09-02 00:00:00',151,9,146),(3024,'\0',10,0,0,'2012-09-14 00:00:00',159,9,148),(3025,'\0',10,0,0,'2012-09-15 00:00:00',156,9,147),(3026,'\0',10,0,0,'2012-09-15 00:00:00',152,9,155),(3027,'\0',10,0,0,'2012-09-15 00:00:00',145,9,153),(3028,'\0',10,0,0,'2012-09-15 00:00:00',146,9,149),(3029,'\0',10,0,0,'2012-09-15 00:00:00',157,9,158),(3030,'\0',10,0,0,'2012-09-16 00:00:00',142,9,151),(3031,'\0',10,0,0,'2012-09-16 00:00:00',150,9,144),(3032,'\0',10,0,0,'2012-09-16 00:00:00',154,9,143),(3033,'\0',11,0,0,'2012-09-21 00:00:00',148,9,147),(3034,'\0',11,0,0,'2012-09-22 00:00:00',151,9,156),(3035,'\0',11,0,0,'2012-09-22 00:00:00',153,9,155),(3036,'\0',11,0,0,'2012-09-22 00:00:00',143,9,142),(3037,'\0',11,0,0,'2012-09-22 00:00:00',149,9,145),(3038,'\0',11,0,0,'2012-09-22 00:00:00',159,9,150),(3039,'\0',11,0,0,'2012-09-23 00:00:00',158,9,152),(3040,'\0',11,0,0,'2012-09-23 00:00:00',144,9,154),(3041,'\0',11,0,0,'2012-09-23 00:00:00',146,9,157),(3042,'\0',12,0,0,'2012-09-28 00:00:00',150,9,149),(3043,'\0',12,0,0,'2012-09-29 00:00:00',145,9,142),(3044,'\0',12,0,0,'2012-09-29 00:00:00',156,9,159),(3045,'\0',12,0,0,'2012-09-29 00:00:00',152,9,157),(3046,'\0',12,0,0,'2012-09-29 00:00:00',143,9,148),(3047,'\0',12,0,0,'2012-09-30 00:00:00',154,9,146),(3048,'\0',12,0,0,'2012-09-30 00:00:00',147,9,144),(3049,'\0',12,0,0,'2012-09-30 00:00:00',153,9,151),(3050,'\0',12,0,0,'2012-09-30 00:00:00',155,9,158);
/*!40000 ALTER TABLE `Partido` ENABLE KEYS */;
UNLOCK TABLES;

--
-- Table structure for table `Torneo`
--

DROP TABLE IF EXISTS `Torneo`;
/*!40101 SET @saved_cs_client     = @@character_set_client */;
/*!40101 SET character_set_client = utf8 */;
CREATE TABLE `Torneo` (
  `id` bigint(20) NOT NULL AUTO_INCREMENT,
  `nombre` varchar(255) DEFAULT NULL,
  `liga_id` bigint(20) DEFAULT NULL,
  `fecha` int(11) NOT NULL,
  `fechas` int(11) NOT NULL,
  PRIMARY KEY (`id`),
  KEY `FK95A8C10159FBBB7E` (`liga_id`),
  CONSTRAINT `FK95A8C10159FBBB7E` FOREIGN KEY (`liga_id`) REFERENCES `Liga` (`id`)
) ENGINE=InnoDB AUTO_INCREMENT=13 DEFAULT CHARSET=utf8;
/*!40101 SET character_set_client = @saved_cs_client */;

--
-- Dumping data for table `Torneo`
--

LOCK TABLES `Torneo` WRITE;
/*!40000 ALTER TABLE `Torneo` DISABLE KEYS */;
INSERT INTO `Torneo` VALUES (1,'Inicial 2012/2013 \"Eva Perón\"',1,5,19),(2,'Final 2012/2013',1,1,19),(3,'Primera  B Nacional 2012/2013',2,5,38),(4,'Primera C 2012/2013',4,7,38),(5,'Primera D 2012/2013',5,6,34),(6,'Primera B 2012/2013',3,6,42),(7,'Temporada 2012/2013',9,1,38),(8,'Temporada 2012/2013',10,1,42),(9,'Campeonato Petrobrás Clausura 2012',11,5,17),(10,'Campeonato Entel (2012 /2013) ',12,1,11),(11,'Serie A 2012',13,1,38),(12,'Serie B 2012',14,1,38);
/*!40000 ALTER TABLE `Torneo` ENABLE KEYS */;
UNLOCK TABLES;
/*!40103 SET TIME_ZONE=@OLD_TIME_ZONE */;

/*!40101 SET SQL_MODE=@OLD_SQL_MODE */;
/*!40014 SET FOREIGN_KEY_CHECKS=@OLD_FOREIGN_KEY_CHECKS */;
/*!40014 SET UNIQUE_CHECKS=@OLD_UNIQUE_CHECKS */;
/*!40101 SET CHARACTER_SET_CLIENT=@OLD_CHARACTER_SET_CLIENT */;
/*!40101 SET CHARACTER_SET_RESULTS=@OLD_CHARACTER_SET_RESULTS */;
/*!40101 SET COLLATION_CONNECTION=@OLD_COLLATION_CONNECTION */;
/*!40111 SET SQL_NOTES=@OLD_SQL_NOTES */;

-- Dump completed on 2012-09-03 10:54:35
